width,height,count
1024,1024,12413
600,450,10015
4288,2848,633
1024,768,597
3008,2000,447
3872,2592,148
3024,2016,103
2592,1936,81
767,576,68
2048,1536,59
3072,2304,55
919,802,54
1504,1129,50
6688,4439,33
6668,4439,32
1022,767,22
6688,4459,21
6648,4439,19
6708,4439,19
2304,1536,17
824,719,16
6668,4459,11
1502,1051,10
6648,4419,10
6641,4420,9
6642,4422,9
6642,4420,9
962,674,8
6621,4420,8
6648,4459,8
6628,4419,8
6688,4419,8
6708,4459,8
6668,4419,7
6641,4441,7
722,542,7
2592,1944,6
6621,4401,6
6628,4399,5
6641,4440,5
6608,4399,5
576,768,5
6662,4422,5
6601,4401,5
6622,4441,5
6601,4380,4
1028,753,4
6681,4441,4
2816,2112,4
6601,4382,4
6681,4422,4
6642,4421,4
6642,4401,4
6661,4441,4
6642,4441,4
6621,4441,3
6682,4401,3
6661,4422,3
6682,4441,3
6640,4420,3
6641,4400,3
6622,4401,3
6621,4422,3
1019,717,3
2272,1704,3
962,722,3
6602,4361,3
6602,4382,3
6628,4439,3
6622,4421,3
6602,4401,3
6662,4440,2
6648,4479,2
5184,3456,2
6000,4000,2
6581,4382,2
6602,4380,2
6622,4420,2
6620,4420,2
6641,4401,2
6641,4402,2
6607,4419,2
718,542,2
959,638,2
6641,4422,2
6687,4439,2
6661,4401,2
6681,4420,2
6681,4440,2
6661,4420,2
6661,4461,2
6648,4399,2
2530,2122,1
2117,1988,1
2314,2067,1
2313,1985,1
2283,1824,1
1503,1129,1
1936,1296,1
1936,1936,1
1494,1036,1
1502,1016,1
1502,1026,1
1502,1036,1
1502,1043,1
1069,703,1
1064,702,1
1062,701,1
1057,707,1
1057,704,1
1456,1018,1
1079,705,1
1074,705,1
1043,705,1
1045,705,1
966,645,1
966,638,1
1017,717,1
1016,682,1
1011,713,1
1008,711,1
960,645,1
959,723,1
961,649,1
960,724,1
962,676,1
962,671,1
1007,704,1
1007,711,1
965,724,1
965,649,1
965,624,1
964,720,1
962,723,1
963,629,1
964,640,1
964,672,1
959,639,1
962,670,1
962,641,1
725,542,1
771,750,1
796,682,1
833,680,1
724,542,1
838,614,1
853,680,1
944,1127,1
949,626,1
957,640,1
957,723,1
958,642,1
959,634,1
639,602,1
679,566,1
722,543,1
722,545,1
722,540,1
2155,1958,1
2012,1956,1
2101,1943,1
6620,4380,1
6620,4401,1
6608,4379,1
6608,4419,1
6622,4422,1
6622,4402,1
6622,4380,1
6622,4400,1
6600,4401,1
6580,4401,1
4256,2848,1
2597,2185,1
2565,2000,1
2725,2082,1
2601,1909,1
2583,2096,1
6602,4381,1
6602,4400,1
6581,4402,1
6582,4382,1
6621,4440,1
6621,4402,1
6602,4402,1
6607,4399,1
6640,4441,1
6628,4459,1
6627,4399,1
6627,4459,1
6668,4418,1
6662,4441,1
6647,4439,1
6648,4398,1
6641,4421,1
6642,4440,1
6662,4382,1
6662,4420,1
6661,4402,1
6661,4421,1
6681,4401,1
6681,4402,1
6682,4422,1
6682,4421,1
6681,4461,1
6682,4382,1
6680,4422,1
6668,4479,1
6688,4399,1
6682,4442,1
6694,4477,1
6688,4479,1
6708,4419,1
6695,4497,1
6715,4457,1
6728,4459,1
6748,4439,1
6748,4499,1
