isic_archive2_anatom_site_general,n_rows,ham10000_anatomical_site,mapping_type,reason
lower extremity,4941,lower extremity,clean,"Identical concept; only casing differs between the two datasets' raw category strings."
upper extremity,2887,upper extremity,clean,"Identical concept; only casing differs."
palms/soles,385,acral,clean,"'Acral' is the standard dermatology term for the palm/sole/nail-unit region - not a naming difference, a direct definitional match."
posterior torso,2765,back,clean,"'Back' is simply the standard term for posterior torso - same concept, different label, no information loss (approved 2026-07-25, same clean tier as the casing-only matches above, distinct from the coarsening rows below)."
anterior torso,6837,trunk,lossy_coarsened,"HAM10000 splits the front of the trunk into 'chest' AND 'abdomen' separately, with no way to tell which from 'anterior torso' alone - but anterior torso is genuinely part of the trunk region, and HAM10000's own 'trunk' category is its generic catch-all for unspecified-torso-location cases. Same kind of legitimate coarsening already approved for PAD-UFES-20 (ARM/FOREARM -> upper extremity, THIGH -> lower extremity, 2026-07-18) - a real anatomical hierarchy relationship, not an invented equivalence. Approved 2026-07-25."
lateral torso,54,trunk,lossy_coarsened,"Same reasoning and approval as 'anterior torso' above - side/flank is part of the trunk region, mapped to HAM10000's generic 'trunk' catch-all. Low row count (54)."
head/neck,4550,NO CLEAN EQUIVALENT - falls to unseen-category fallback,ambiguous,"HAM10000 splits this into 4 separate categories (face, scalp, neck, ear) with no way to disambiguate which from Archive 2's coarser 'head/neck' label, and no single HAM10000 category covers all 4 the way 'trunk' covers the torso subcategories. Mapping to any one of the 4 would be a guess. DECISION (approved 2026-07-25, same precedent as LIP/NOSE): leave unmapped, falls to fallback - no invented equivalence."
oral/genital,106,NO CLEAN EQUIVALENT - falls to unseen-category fallback,ambiguous,"Partially overlaps HAM10000's 'genital' category but also bundles in 'oral' (mouth), which HAM10000 has no equivalent for (same gap as PAD-UFES-20's LIP, already left unmapped in the PAD->HAM10000 mapping). Splitting the bundle isn't possible from this field alone. DECISION (approved 2026-07-25, same precedent as LIP/NOSE): leave unmapped, falls to fallback."
missing/NaN,2551,__MISSING__,not_applicable,"Genuinely missing in Archive 2 (10.2% of rows) - same treatment as a genuinely missing anatomical_site value elsewhere in the project, not a fairness/mapping question."
