image_id,image_path,true_label_idx,true_label_name,pred_label_idx,pred_label_name
ISIC_0000139,data/raw/ISIC_Archive_1/Train/melanoma/ISIC_0000139.jpg,4,Melanoma,4,Melanoma
ISIC_0000141,data/raw/ISIC_Archive_1/Train/melanoma/ISIC_0000141.jpg,4,Melanoma,5,Nevus
ISIC_0000142,data/raw/ISIC_Archive_1/Train/melanoma/ISIC_0000142.jpg,4,Melanoma,4,Melanoma
ISIC_0000143,data/raw/ISIC_Archive_1/Train/melanoma/ISIC_0000143.jpg,4,Melanoma,5,Nevus
ISIC_0000144,data/raw/ISIC_Archive_1/Train/melanoma/ISIC_0000144.jpg,4,Melanoma,2,Benign Keratosis-like Lesion
ISIC_0000145,data/raw/ISIC_Archive_1/Train/melanoma/ISIC_0000145.jpg,4,Melanoma,5,Nevus
ISIC_0000146,data/raw/ISIC_Archive_1/Train/melanoma/ISIC_0000146.jpg,4,Melanoma,4,Melanoma
ISIC_0000147,data/raw/ISIC_Archive_1/Train/melanoma/ISIC_0000147.jpg,4,Melanoma,4,Melanoma
ISIC_0000148,data/raw/ISIC_Archive_1/Train/melanoma/ISIC_0000148.jpg,4,Melanoma,5,Nevus
ISIC_0000149,data/raw/ISIC_Archive_1/Train/melanoma/ISIC_0000149.jpg,4,Melanoma,5,Nevus
ISIC_0000150,data/raw/ISIC_Archive_1/Train/melanoma/ISIC_0000150.jpg,4,Melanoma,4,Melanoma
ISIC_0000151,data/raw/ISIC_Archive_1/Train/melanoma/ISIC_0000151.jpg,4,Melanoma,5,Nevus
ISIC_0000152,data/raw/ISIC_Archive_1/Train/melanoma/ISIC_0000152.jpg,4,Melanoma,5,Nevus
ISIC_0000153,data/raw/ISIC_Archive_1/Train/melanoma/ISIC_0000153.jpg,4,Melanoma,5,Nevus
ISIC_0000154,data/raw/ISIC_Archive_1/Train/melanoma/ISIC_0000154.jpg,4,Melanoma,4,Melanoma
ISIC_0000155,data/raw/ISIC_Archive_1/Train/melanoma/ISIC_0000155.jpg,4,Melanoma,4,Melanoma
ISIC_0000156,data/raw/ISIC_Archive_1/Train/melanoma/ISIC_0000156.jpg,4,Melanoma,4,Melanoma
ISIC_0000157,data/raw/ISIC_Archive_1/Train/melanoma/ISIC_0000157.jpg,4,Melanoma,4,Melanoma
ISIC_0000158,data/raw/ISIC_Archive_1/Train/melanoma/ISIC_0000158.jpg,4,Melanoma,4,Melanoma
ISIC_0000159,data/raw/ISIC_Archive_1/Train/melanoma/ISIC_0000159.jpg,4,Melanoma,4,Melanoma
ISIC_0000160,data/raw/ISIC_Archive_1/Train/melanoma/ISIC_0000160.jpg,4,Melanoma,4,Melanoma
ISIC_0000161,data/raw/ISIC_Archive_1/Train/melanoma/ISIC_0000161.jpg,4,Melanoma,4,Melanoma
ISIC_0000162,data/raw/ISIC_Archive_1/Train/melanoma/ISIC_0000162.jpg,4,Melanoma,4,Melanoma
ISIC_0000163,data/raw/ISIC_Archive_1/Train/melanoma/ISIC_0000163.jpg,4,Melanoma,5,Nevus
ISIC_0000164,data/raw/ISIC_Archive_1/Train/melanoma/ISIC_0000164.jpg,4,Melanoma,5,Nevus
ISIC_0000166,data/raw/ISIC_Archive_1/Train/melanoma/ISIC_0000166.jpg,4,Melanoma,4,Melanoma
ISIC_0000168,data/raw/ISIC_Archive_1/Train/melanoma/ISIC_0000168.jpg,4,Melanoma,4,Melanoma
ISIC_0000169,data/raw/ISIC_Archive_1/Train/melanoma/ISIC_0000169.jpg,4,Melanoma,4,Melanoma
ISIC_0000170,data/raw/ISIC_Archive_1/Train/melanoma/ISIC_0000170.jpg,4,Melanoma,4,Melanoma
ISIC_0000171,data/raw/ISIC_Archive_1/Train/melanoma/ISIC_0000171.jpg,4,Melanoma,4,Melanoma
ISIC_0000172,data/raw/ISIC_Archive_1/Train/melanoma/ISIC_0000172.jpg,4,Melanoma,4,Melanoma
ISIC_0000173,data/raw/ISIC_Archive_1/Train/melanoma/ISIC_0000173.jpg,4,Melanoma,4,Melanoma
ISIC_0000174,data/raw/ISIC_Archive_1/Train/melanoma/ISIC_0000174.jpg,4,Melanoma,1,Basal Cell Carcinoma
ISIC_0000175,data/raw/ISIC_Archive_1/Train/melanoma/ISIC_0000175.jpg,4,Melanoma,2,Benign Keratosis-like Lesion
ISIC_0000280,data/raw/ISIC_Archive_1/Train/melanoma/ISIC_0000280.jpg,4,Melanoma,4,Melanoma
ISIC_0000285,data/raw/ISIC_Archive_1/Train/melanoma/ISIC_0000285.jpg,4,Melanoma,5,Nevus
ISIC_0000288,data/raw/ISIC_Archive_1/Train/melanoma/ISIC_0000288.jpg,4,Melanoma,4,Melanoma
ISIC_0000289,data/raw/ISIC_Archive_1/Train/melanoma/ISIC_0000289.jpg,4,Melanoma,4,Melanoma
ISIC_0000291,data/raw/ISIC_Archive_1/Train/melanoma/ISIC_0000291.jpg,4,Melanoma,5,Nevus
ISIC_0000292,data/raw/ISIC_Archive_1/Train/melanoma/ISIC_0000292.jpg,4,Melanoma,4,Melanoma
ISIC_0000293,data/raw/ISIC_Archive_1/Train/melanoma/ISIC_0000293.jpg,4,Melanoma,4,Melanoma
ISIC_0000294,data/raw/ISIC_Archive_1/Train/melanoma/ISIC_0000294.jpg,4,Melanoma,0,Actinic Keratosis / Intraepithelial Carcinoma
ISIC_0000296,data/raw/ISIC_Archive_1/Train/melanoma/ISIC_0000296.jpg,4,Melanoma,3,Dermatofibroma
ISIC_0000297,data/raw/ISIC_Archive_1/Train/melanoma/ISIC_0000297.jpg,4,Melanoma,4,Melanoma
ISIC_0000298,data/raw/ISIC_Archive_1/Train/melanoma/ISIC_0000298.jpg,4,Melanoma,5,Nevus
ISIC_0000300,data/raw/ISIC_Archive_1/Train/melanoma/ISIC_0000300.jpg,4,Melanoma,4,Melanoma
ISIC_0000301,data/raw/ISIC_Archive_1/Train/melanoma/ISIC_0000301.jpg,4,Melanoma,4,Melanoma
ISIC_0000302,data/raw/ISIC_Archive_1/Train/melanoma/ISIC_0000302.jpg,4,Melanoma,4,Melanoma
ISIC_0000304,data/raw/ISIC_Archive_1/Train/melanoma/ISIC_0000304.jpg,4,Melanoma,2,Benign Keratosis-like Lesion
ISIC_0000305,data/raw/ISIC_Archive_1/Train/melanoma/ISIC_0000305.jpg,4,Melanoma,4,Melanoma
ISIC_0000306,data/raw/ISIC_Archive_1/Train/melanoma/ISIC_0000306.jpg,4,Melanoma,5,Nevus
ISIC_0000307,data/raw/ISIC_Archive_1/Train/melanoma/ISIC_0000307.jpg,4,Melanoma,4,Melanoma
ISIC_0000308,data/raw/ISIC_Archive_1/Train/melanoma/ISIC_0000308.jpg,4,Melanoma,3,Dermatofibroma
ISIC_0000310,data/raw/ISIC_Archive_1/Train/melanoma/ISIC_0000310.jpg,4,Melanoma,2,Benign Keratosis-like Lesion
ISIC_0000311,data/raw/ISIC_Archive_1/Train/melanoma/ISIC_0000311.jpg,4,Melanoma,4,Melanoma
ISIC_0000312,data/raw/ISIC_Archive_1/Train/melanoma/ISIC_0000312.jpg,4,Melanoma,4,Melanoma
ISIC_0000313,data/raw/ISIC_Archive_1/Train/melanoma/ISIC_0000313.jpg,4,Melanoma,5,Nevus
ISIC_0000314,data/raw/ISIC_Archive_1/Train/melanoma/ISIC_0000314.jpg,4,Melanoma,4,Melanoma
ISIC_0000390,data/raw/ISIC_Archive_1/Train/melanoma/ISIC_0000390.jpg,4,Melanoma,4,Melanoma
ISIC_0000393,data/raw/ISIC_Archive_1/Train/melanoma/ISIC_0000393.jpg,4,Melanoma,4,Melanoma
ISIC_0000394,data/raw/ISIC_Archive_1/Train/melanoma/ISIC_0000394.jpg,4,Melanoma,2,Benign Keratosis-like Lesion
ISIC_0000395,data/raw/ISIC_Archive_1/Train/melanoma/ISIC_0000395.jpg,4,Melanoma,4,Melanoma
ISIC_0000398,data/raw/ISIC_Archive_1/Train/melanoma/ISIC_0000398.jpg,4,Melanoma,4,Melanoma
ISIC_0000399,data/raw/ISIC_Archive_1/Train/melanoma/ISIC_0000399.jpg,4,Melanoma,4,Melanoma
ISIC_0000401,data/raw/ISIC_Archive_1/Train/melanoma/ISIC_0000401.jpg,4,Melanoma,1,Basal Cell Carcinoma
ISIC_0000402,data/raw/ISIC_Archive_1/Train/melanoma/ISIC_0000402.jpg,4,Melanoma,2,Benign Keratosis-like Lesion
ISIC_0000404,data/raw/ISIC_Archive_1/Train/melanoma/ISIC_0000404.jpg,4,Melanoma,2,Benign Keratosis-like Lesion
ISIC_0000405,data/raw/ISIC_Archive_1/Train/melanoma/ISIC_0000405.jpg,4,Melanoma,1,Basal Cell Carcinoma
ISIC_0000406,data/raw/ISIC_Archive_1/Train/melanoma/ISIC_0000406.jpg,4,Melanoma,2,Benign Keratosis-like Lesion
ISIC_0000411,data/raw/ISIC_Archive_1/Train/melanoma/ISIC_0000411.jpg,4,Melanoma,4,Melanoma
ISIC_0000412,data/raw/ISIC_Archive_1/Train/melanoma/ISIC_0000412.jpg,4,Melanoma,4,Melanoma
ISIC_0000413,data/raw/ISIC_Archive_1/Train/melanoma/ISIC_0000413.jpg,4,Melanoma,2,Benign Keratosis-like Lesion
ISIC_0000415,data/raw/ISIC_Archive_1/Train/melanoma/ISIC_0000415.jpg,4,Melanoma,2,Benign Keratosis-like Lesion
ISIC_0000417,data/raw/ISIC_Archive_1/Train/melanoma/ISIC_0000417.jpg,4,Melanoma,4,Melanoma
ISIC_0000420,data/raw/ISIC_Archive_1/Train/melanoma/ISIC_0000420.jpg,4,Melanoma,5,Nevus
ISIC_0000428,data/raw/ISIC_Archive_1/Train/melanoma/ISIC_0000428.jpg,4,Melanoma,4,Melanoma
ISIC_0000432,data/raw/ISIC_Archive_1/Train/melanoma/ISIC_0000432.jpg,4,Melanoma,2,Benign Keratosis-like Lesion
ISIC_0000434,data/raw/ISIC_Archive_1/Train/melanoma/ISIC_0000434.jpg,4,Melanoma,5,Nevus
ISIC_0000440,data/raw/ISIC_Archive_1/Train/melanoma/ISIC_0000440.jpg,4,Melanoma,4,Melanoma
ISIC_0000441,data/raw/ISIC_Archive_1/Train/melanoma/ISIC_0000441.jpg,4,Melanoma,5,Nevus
ISIC_0000444,data/raw/ISIC_Archive_1/Train/melanoma/ISIC_0000444.jpg,4,Melanoma,5,Nevus
ISIC_0000445,data/raw/ISIC_Archive_1/Train/melanoma/ISIC_0000445.jpg,4,Melanoma,5,Nevus
ISIC_0000446,data/raw/ISIC_Archive_1/Train/melanoma/ISIC_0000446.jpg,4,Melanoma,4,Melanoma
ISIC_0000462,data/raw/ISIC_Archive_1/Train/melanoma/ISIC_0000462.jpg,4,Melanoma,4,Melanoma
ISIC_0000466,data/raw/ISIC_Archive_1/Train/melanoma/ISIC_0000466.jpg,4,Melanoma,5,Nevus
ISIC_0000469,data/raw/ISIC_Archive_1/Train/melanoma/ISIC_0000469.jpg,4,Melanoma,5,Nevus
ISIC_0000482,data/raw/ISIC_Archive_1/Train/melanoma/ISIC_0000482.jpg,4,Melanoma,4,Melanoma
ISIC_0000487,data/raw/ISIC_Archive_1/Train/melanoma/ISIC_0000487.jpg,4,Melanoma,5,Nevus
ISIC_0000502,data/raw/ISIC_Archive_1/Train/melanoma/ISIC_0000502.jpg,4,Melanoma,5,Nevus
ISIC_0000511,data/raw/ISIC_Archive_1/Train/melanoma/ISIC_0000511.jpg,4,Melanoma,4,Melanoma
ISIC_0000513,data/raw/ISIC_Archive_1/Train/melanoma/ISIC_0000513.jpg,4,Melanoma,5,Nevus
ISIC_0000516,data/raw/ISIC_Archive_1/Train/melanoma/ISIC_0000516.jpg,4,Melanoma,5,Nevus
ISIC_0000517,data/raw/ISIC_Archive_1/Train/melanoma/ISIC_0000517.jpg,4,Melanoma,5,Nevus
ISIC_0000518,data/raw/ISIC_Archive_1/Train/melanoma/ISIC_0000518.jpg,4,Melanoma,5,Nevus
ISIC_0000519,data/raw/ISIC_Archive_1/Train/melanoma/ISIC_0000519.jpg,4,Melanoma,5,Nevus
ISIC_0000520,data/raw/ISIC_Archive_1/Train/melanoma/ISIC_0000520.jpg,4,Melanoma,1,Basal Cell Carcinoma
ISIC_0000521,data/raw/ISIC_Archive_1/Train/melanoma/ISIC_0000521.jpg,4,Melanoma,5,Nevus
ISIC_0000526,data/raw/ISIC_Archive_1/Train/melanoma/ISIC_0000526.jpg,4,Melanoma,5,Nevus
ISIC_0000531,data/raw/ISIC_Archive_1/Train/melanoma/ISIC_0000531.jpg,4,Melanoma,5,Nevus
ISIC_0000533,data/raw/ISIC_Archive_1/Train/melanoma/ISIC_0000533.jpg,4,Melanoma,5,Nevus
ISIC_0000547,data/raw/ISIC_Archive_1/Train/melanoma/ISIC_0000547.jpg,4,Melanoma,5,Nevus
ISIC_0000548,data/raw/ISIC_Archive_1/Train/melanoma/ISIC_0000548.jpg,4,Melanoma,4,Melanoma
ISIC_0000549,data/raw/ISIC_Archive_1/Train/melanoma/ISIC_0000549.jpg,4,Melanoma,4,Melanoma
ISIC_0000550,data/raw/ISIC_Archive_1/Train/melanoma/ISIC_0000550.jpg,4,Melanoma,5,Nevus
ISIC_0000551,data/raw/ISIC_Archive_1/Train/melanoma/ISIC_0000551.jpg,4,Melanoma,5,Nevus
ISIC_0000552,data/raw/ISIC_Archive_1/Train/melanoma/ISIC_0000552.jpg,4,Melanoma,4,Melanoma
ISIC_0000553,data/raw/ISIC_Archive_1/Train/melanoma/ISIC_0000553.jpg,4,Melanoma,5,Nevus
ISIC_0000554,data/raw/ISIC_Archive_1/Train/melanoma/ISIC_0000554.jpg,4,Melanoma,4,Melanoma
ISIC_0000555,data/raw/ISIC_Archive_1/Train/melanoma/ISIC_0000555.jpg,4,Melanoma,5,Nevus
ISIC_0001101,data/raw/ISIC_Archive_1/Train/melanoma/ISIC_0001101.jpg,4,Melanoma,4,Melanoma
ISIC_0001102,data/raw/ISIC_Archive_1/Train/melanoma/ISIC_0001102.jpg,4,Melanoma,4,Melanoma
ISIC_0001105,data/raw/ISIC_Archive_1/Train/melanoma/ISIC_0001105.jpg,4,Melanoma,5,Nevus
ISIC_0001106,data/raw/ISIC_Archive_1/Train/melanoma/ISIC_0001106.jpg,4,Melanoma,5,Nevus
ISIC_0001108,data/raw/ISIC_Archive_1/Train/melanoma/ISIC_0001108.jpg,4,Melanoma,2,Benign Keratosis-like Lesion
ISIC_0001110,data/raw/ISIC_Archive_1/Train/melanoma/ISIC_0001110.jpg,4,Melanoma,4,Melanoma
ISIC_0001112,data/raw/ISIC_Archive_1/Train/melanoma/ISIC_0001112.jpg,4,Melanoma,4,Melanoma
ISIC_0001116,data/raw/ISIC_Archive_1/Train/melanoma/ISIC_0001116.jpg,4,Melanoma,2,Benign Keratosis-like Lesion
ISIC_0001118,data/raw/ISIC_Archive_1/Train/melanoma/ISIC_0001118.jpg,4,Melanoma,4,Melanoma
ISIC_0001119,data/raw/ISIC_Archive_1/Train/melanoma/ISIC_0001119.jpg,4,Melanoma,5,Nevus
ISIC_0001121,data/raw/ISIC_Archive_1/Train/melanoma/ISIC_0001121.jpg,4,Melanoma,5,Nevus
ISIC_0001124,data/raw/ISIC_Archive_1/Train/melanoma/ISIC_0001124.jpg,4,Melanoma,4,Melanoma
ISIC_0001125,data/raw/ISIC_Archive_1/Train/melanoma/ISIC_0001125.jpg,4,Melanoma,4,Melanoma
ISIC_0001126,data/raw/ISIC_Archive_1/Train/melanoma/ISIC_0001126.jpg,4,Melanoma,5,Nevus
ISIC_0001132,data/raw/ISIC_Archive_1/Train/melanoma/ISIC_0001132.jpg,4,Melanoma,4,Melanoma
ISIC_0001134,data/raw/ISIC_Archive_1/Train/melanoma/ISIC_0001134.jpg,4,Melanoma,5,Nevus
ISIC_0001135,data/raw/ISIC_Archive_1/Train/melanoma/ISIC_0001135.jpg,4,Melanoma,2,Benign Keratosis-like Lesion
ISIC_0001137,data/raw/ISIC_Archive_1/Train/melanoma/ISIC_0001137.jpg,4,Melanoma,4,Melanoma
ISIC_0001138,data/raw/ISIC_Archive_1/Train/melanoma/ISIC_0001138.jpg,4,Melanoma,4,Melanoma
ISIC_0001140,data/raw/ISIC_Archive_1/Train/melanoma/ISIC_0001140.jpg,4,Melanoma,6,Vascular Lesion
ISIC_0001141,data/raw/ISIC_Archive_1/Train/melanoma/ISIC_0001141.jpg,4,Melanoma,5,Nevus
ISIC_0001142,data/raw/ISIC_Archive_1/Train/melanoma/ISIC_0001142.jpg,4,Melanoma,5,Nevus
ISIC_0001143,data/raw/ISIC_Archive_1/Train/melanoma/ISIC_0001143.jpg,4,Melanoma,4,Melanoma
ISIC_0001151,data/raw/ISIC_Archive_1/Train/melanoma/ISIC_0001151.jpg,4,Melanoma,5,Nevus
ISIC_0001152,data/raw/ISIC_Archive_1/Train/melanoma/ISIC_0001152.jpg,4,Melanoma,4,Melanoma
ISIC_0001154,data/raw/ISIC_Archive_1/Train/melanoma/ISIC_0001154.jpg,4,Melanoma,1,Basal Cell Carcinoma
ISIC_0001157,data/raw/ISIC_Archive_1/Train/melanoma/ISIC_0001157.jpg,4,Melanoma,0,Actinic Keratosis / Intraepithelial Carcinoma
ISIC_0009868,data/raw/ISIC_Archive_1/Train/melanoma/ISIC_0009868.jpg,4,Melanoma,5,Nevus
ISIC_0009886,data/raw/ISIC_Archive_1/Train/melanoma/ISIC_0009886.jpg,4,Melanoma,4,Melanoma
ISIC_0009890,data/raw/ISIC_Archive_1/Train/melanoma/ISIC_0009890.jpg,4,Melanoma,2,Benign Keratosis-like Lesion
ISIC_0009898,data/raw/ISIC_Archive_1/Train/melanoma/ISIC_0009898.jpg,4,Melanoma,5,Nevus
ISIC_0009905,data/raw/ISIC_Archive_1/Train/melanoma/ISIC_0009905.jpg,4,Melanoma,5,Nevus
ISIC_0009908,data/raw/ISIC_Archive_1/Train/melanoma/ISIC_0009908.jpg,4,Melanoma,1,Basal Cell Carcinoma
ISIC_0009916,data/raw/ISIC_Archive_1/Train/melanoma/ISIC_0009916.jpg,4,Melanoma,0,Actinic Keratosis / Intraepithelial Carcinoma
ISIC_0009918,data/raw/ISIC_Archive_1/Train/melanoma/ISIC_0009918.jpg,4,Melanoma,4,Melanoma
ISIC_0009927,data/raw/ISIC_Archive_1/Train/melanoma/ISIC_0009927.jpg,4,Melanoma,2,Benign Keratosis-like Lesion
ISIC_0009934,data/raw/ISIC_Archive_1/Train/melanoma/ISIC_0009934.jpg,4,Melanoma,0,Actinic Keratosis / Intraepithelial Carcinoma
ISIC_0009950,data/raw/ISIC_Archive_1/Train/melanoma/ISIC_0009950.jpg,4,Melanoma,5,Nevus
ISIC_0009960,data/raw/ISIC_Archive_1/Train/melanoma/ISIC_0009960.jpg,4,Melanoma,5,Nevus
ISIC_0009971,data/raw/ISIC_Archive_1/Train/melanoma/ISIC_0009971.jpg,4,Melanoma,5,Nevus
ISIC_0009984,data/raw/ISIC_Archive_1/Train/melanoma/ISIC_0009984.jpg,4,Melanoma,0,Actinic Keratosis / Intraepithelial Carcinoma
ISIC_0009989,data/raw/ISIC_Archive_1/Train/melanoma/ISIC_0009989.jpg,4,Melanoma,1,Basal Cell Carcinoma
ISIC_0009992,data/raw/ISIC_Archive_1/Train/melanoma/ISIC_0009992.jpg,4,Melanoma,5,Nevus
ISIC_0009993,data/raw/ISIC_Archive_1/Train/melanoma/ISIC_0009993.jpg,4,Melanoma,5,Nevus
ISIC_0010000,data/raw/ISIC_Archive_1/Train/melanoma/ISIC_0010000.jpg,4,Melanoma,5,Nevus
ISIC_0010007,data/raw/ISIC_Archive_1/Train/melanoma/ISIC_0010007.jpg,4,Melanoma,0,Actinic Keratosis / Intraepithelial Carcinoma
ISIC_0010011,data/raw/ISIC_Archive_1/Train/melanoma/ISIC_0010011.jpg,4,Melanoma,5,Nevus
ISIC_0010016,data/raw/ISIC_Archive_1/Train/melanoma/ISIC_0010016.jpg,4,Melanoma,5,Nevus
ISIC_0010023,data/raw/ISIC_Archive_1/Train/melanoma/ISIC_0010023.jpg,4,Melanoma,5,Nevus
ISIC_0010024,data/raw/ISIC_Archive_1/Train/melanoma/ISIC_0010024.jpg,4,Melanoma,2,Benign Keratosis-like Lesion
ISIC_0010029,data/raw/ISIC_Archive_1/Train/melanoma/ISIC_0010029.jpg,4,Melanoma,2,Benign Keratosis-like Lesion
ISIC_0010036,data/raw/ISIC_Archive_1/Train/melanoma/ISIC_0010036.jpg,4,Melanoma,2,Benign Keratosis-like Lesion
ISIC_0010039,data/raw/ISIC_Archive_1/Train/melanoma/ISIC_0010039.jpg,4,Melanoma,5,Nevus
ISIC_0010049,data/raw/ISIC_Archive_1/Train/melanoma/ISIC_0010049.jpg,4,Melanoma,0,Actinic Keratosis / Intraepithelial Carcinoma
ISIC_0010050,data/raw/ISIC_Archive_1/Train/melanoma/ISIC_0010050.jpg,4,Melanoma,1,Basal Cell Carcinoma
ISIC_0010054,data/raw/ISIC_Archive_1/Train/melanoma/ISIC_0010054.jpg,4,Melanoma,5,Nevus
ISIC_0010056,data/raw/ISIC_Archive_1/Train/melanoma/ISIC_0010056.jpg,4,Melanoma,4,Melanoma
ISIC_0010067,data/raw/ISIC_Archive_1/Train/melanoma/ISIC_0010067.jpg,4,Melanoma,1,Basal Cell Carcinoma
ISIC_0010080,data/raw/ISIC_Archive_1/Train/melanoma/ISIC_0010080.jpg,4,Melanoma,5,Nevus
ISIC_0010089,data/raw/ISIC_Archive_1/Train/melanoma/ISIC_0010089.jpg,4,Melanoma,5,Nevus
ISIC_0010094,data/raw/ISIC_Archive_1/Train/melanoma/ISIC_0010094.jpg,4,Melanoma,5,Nevus
ISIC_0010106,data/raw/ISIC_Archive_1/Train/melanoma/ISIC_0010106.jpg,4,Melanoma,5,Nevus
ISIC_0010119,data/raw/ISIC_Archive_1/Train/melanoma/ISIC_0010119.jpg,4,Melanoma,5,Nevus
ISIC_0010120,data/raw/ISIC_Archive_1/Train/melanoma/ISIC_0010120.jpg,4,Melanoma,4,Melanoma
ISIC_0010131,data/raw/ISIC_Archive_1/Train/melanoma/ISIC_0010131.jpg,4,Melanoma,4,Melanoma
ISIC_0010137,data/raw/ISIC_Archive_1/Train/melanoma/ISIC_0010137.jpg,4,Melanoma,5,Nevus
ISIC_0010140,data/raw/ISIC_Archive_1/Train/melanoma/ISIC_0010140.jpg,4,Melanoma,0,Actinic Keratosis / Intraepithelial Carcinoma
ISIC_0010143,data/raw/ISIC_Archive_1/Train/melanoma/ISIC_0010143.jpg,4,Melanoma,5,Nevus
ISIC_0010145,data/raw/ISIC_Archive_1/Train/melanoma/ISIC_0010145.jpg,4,Melanoma,5,Nevus
ISIC_0010156,data/raw/ISIC_Archive_1/Train/melanoma/ISIC_0010156.jpg,4,Melanoma,5,Nevus
ISIC_0010162,data/raw/ISIC_Archive_1/Train/melanoma/ISIC_0010162.jpg,4,Melanoma,1,Basal Cell Carcinoma
ISIC_0010164,data/raw/ISIC_Archive_1/Train/melanoma/ISIC_0010164.jpg,4,Melanoma,0,Actinic Keratosis / Intraepithelial Carcinoma
ISIC_0010165,data/raw/ISIC_Archive_1/Train/melanoma/ISIC_0010165.jpg,4,Melanoma,2,Benign Keratosis-like Lesion
ISIC_0010171,data/raw/ISIC_Archive_1/Train/melanoma/ISIC_0010171.jpg,4,Melanoma,5,Nevus
ISIC_0010174,data/raw/ISIC_Archive_1/Train/melanoma/ISIC_0010174.jpg,4,Melanoma,1,Basal Cell Carcinoma
ISIC_0010175,data/raw/ISIC_Archive_1/Train/melanoma/ISIC_0010175.jpg,4,Melanoma,2,Benign Keratosis-like Lesion
ISIC_0010189,data/raw/ISIC_Archive_1/Train/melanoma/ISIC_0010189.jpg,4,Melanoma,0,Actinic Keratosis / Intraepithelial Carcinoma
ISIC_0010194,data/raw/ISIC_Archive_1/Train/melanoma/ISIC_0010194.jpg,4,Melanoma,2,Benign Keratosis-like Lesion
ISIC_0010207,data/raw/ISIC_Archive_1/Train/melanoma/ISIC_0010207.jpg,4,Melanoma,2,Benign Keratosis-like Lesion
ISIC_0010208,data/raw/ISIC_Archive_1/Train/melanoma/ISIC_0010208.jpg,4,Melanoma,0,Actinic Keratosis / Intraepithelial Carcinoma
ISIC_0010209,data/raw/ISIC_Archive_1/Train/melanoma/ISIC_0010209.jpg,4,Melanoma,2,Benign Keratosis-like Lesion
ISIC_0010210,data/raw/ISIC_Archive_1/Train/melanoma/ISIC_0010210.jpg,4,Melanoma,1,Basal Cell Carcinoma
ISIC_0010225,data/raw/ISIC_Archive_1/Train/melanoma/ISIC_0010225.jpg,4,Melanoma,5,Nevus
ISIC_0010235,data/raw/ISIC_Archive_1/Train/melanoma/ISIC_0010235.jpg,4,Melanoma,5,Nevus
ISIC_0010240,data/raw/ISIC_Archive_1/Train/melanoma/ISIC_0010240.jpg,4,Melanoma,5,Nevus
ISIC_0010241,data/raw/ISIC_Archive_1/Train/melanoma/ISIC_0010241.jpg,4,Melanoma,5,Nevus
ISIC_0010245,data/raw/ISIC_Archive_1/Train/melanoma/ISIC_0010245.jpg,4,Melanoma,0,Actinic Keratosis / Intraepithelial Carcinoma
ISIC_0010251,data/raw/ISIC_Archive_1/Train/melanoma/ISIC_0010251.jpg,4,Melanoma,5,Nevus
ISIC_0010265,data/raw/ISIC_Archive_1/Train/melanoma/ISIC_0010265.jpg,4,Melanoma,5,Nevus
ISIC_0010267,data/raw/ISIC_Archive_1/Train/melanoma/ISIC_0010267.jpg,4,Melanoma,2,Benign Keratosis-like Lesion
ISIC_0010271,data/raw/ISIC_Archive_1/Train/melanoma/ISIC_0010271.jpg,4,Melanoma,0,Actinic Keratosis / Intraepithelial Carcinoma
ISIC_0010280,data/raw/ISIC_Archive_1/Train/melanoma/ISIC_0010280.jpg,4,Melanoma,5,Nevus
ISIC_0010283,data/raw/ISIC_Archive_1/Train/melanoma/ISIC_0010283.jpg,4,Melanoma,4,Melanoma
ISIC_0010288,data/raw/ISIC_Archive_1/Train/melanoma/ISIC_0010288.jpg,4,Melanoma,2,Benign Keratosis-like Lesion
ISIC_0010289,data/raw/ISIC_Archive_1/Train/melanoma/ISIC_0010289.jpg,4,Melanoma,4,Melanoma
ISIC_0010295,data/raw/ISIC_Archive_1/Train/melanoma/ISIC_0010295.jpg,4,Melanoma,4,Melanoma
ISIC_0010299,data/raw/ISIC_Archive_1/Train/melanoma/ISIC_0010299.jpg,4,Melanoma,5,Nevus
ISIC_0010302,data/raw/ISIC_Archive_1/Train/melanoma/ISIC_0010302.jpg,4,Melanoma,1,Basal Cell Carcinoma
ISIC_0010313,data/raw/ISIC_Archive_1/Train/melanoma/ISIC_0010313.jpg,4,Melanoma,5,Nevus
ISIC_0010319,data/raw/ISIC_Archive_1/Train/melanoma/ISIC_0010319.jpg,4,Melanoma,2,Benign Keratosis-like Lesion
ISIC_0010321,data/raw/ISIC_Archive_1/Train/melanoma/ISIC_0010321.jpg,4,Melanoma,2,Benign Keratosis-like Lesion
ISIC_0010322,data/raw/ISIC_Archive_1/Train/melanoma/ISIC_0010322.jpg,4,Melanoma,0,Actinic Keratosis / Intraepithelial Carcinoma
ISIC_0010329,data/raw/ISIC_Archive_1/Train/melanoma/ISIC_0010329.jpg,4,Melanoma,4,Melanoma
ISIC_0010349,data/raw/ISIC_Archive_1/Train/melanoma/ISIC_0010349.jpg,4,Melanoma,2,Benign Keratosis-like Lesion
ISIC_0010350,data/raw/ISIC_Archive_1/Train/melanoma/ISIC_0010350.jpg,4,Melanoma,5,Nevus
ISIC_0010355,data/raw/ISIC_Archive_1/Train/melanoma/ISIC_0010355.jpg,4,Melanoma,0,Actinic Keratosis / Intraepithelial Carcinoma
ISIC_0010358,data/raw/ISIC_Archive_1/Train/melanoma/ISIC_0010358.jpg,4,Melanoma,5,Nevus
ISIC_0010360,data/raw/ISIC_Archive_1/Train/melanoma/ISIC_0010360.jpg,4,Melanoma,5,Nevus
ISIC_0010366,data/raw/ISIC_Archive_1/Train/melanoma/ISIC_0010366.jpg,4,Melanoma,1,Basal Cell Carcinoma
ISIC_0010372,data/raw/ISIC_Archive_1/Train/melanoma/ISIC_0010372.jpg,4,Melanoma,5,Nevus
ISIC_0010380,data/raw/ISIC_Archive_1/Train/melanoma/ISIC_0010380.jpg,4,Melanoma,2,Benign Keratosis-like Lesion
ISIC_0010385,data/raw/ISIC_Archive_1/Train/melanoma/ISIC_0010385.jpg,4,Melanoma,0,Actinic Keratosis / Intraepithelial Carcinoma
ISIC_0010388,data/raw/ISIC_Archive_1/Train/melanoma/ISIC_0010388.jpg,4,Melanoma,1,Basal Cell Carcinoma
ISIC_0010392,data/raw/ISIC_Archive_1/Train/melanoma/ISIC_0010392.jpg,4,Melanoma,4,Melanoma
ISIC_0010394,data/raw/ISIC_Archive_1/Train/melanoma/ISIC_0010394.jpg,4,Melanoma,1,Basal Cell Carcinoma
ISIC_0010396,data/raw/ISIC_Archive_1/Train/melanoma/ISIC_0010396.jpg,4,Melanoma,0,Actinic Keratosis / Intraepithelial Carcinoma
ISIC_0010397,data/raw/ISIC_Archive_1/Train/melanoma/ISIC_0010397.jpg,4,Melanoma,5,Nevus
ISIC_0010398,data/raw/ISIC_Archive_1/Train/melanoma/ISIC_0010398.jpg,4,Melanoma,3,Dermatofibroma
ISIC_0010401,data/raw/ISIC_Archive_1/Train/melanoma/ISIC_0010401.jpg,4,Melanoma,4,Melanoma
ISIC_0010410,data/raw/ISIC_Archive_1/Train/melanoma/ISIC_0010410.jpg,4,Melanoma,1,Basal Cell Carcinoma
ISIC_0010414,data/raw/ISIC_Archive_1/Train/melanoma/ISIC_0010414.jpg,4,Melanoma,4,Melanoma
ISIC_0010415,data/raw/ISIC_Archive_1/Train/melanoma/ISIC_0010415.jpg,4,Melanoma,1,Basal Cell Carcinoma
ISIC_0010416,data/raw/ISIC_Archive_1/Train/melanoma/ISIC_0010416.jpg,4,Melanoma,4,Melanoma
ISIC_0010417,data/raw/ISIC_Archive_1/Train/melanoma/ISIC_0010417.jpg,4,Melanoma,0,Actinic Keratosis / Intraepithelial Carcinoma
ISIC_0010423,data/raw/ISIC_Archive_1/Train/melanoma/ISIC_0010423.jpg,4,Melanoma,0,Actinic Keratosis / Intraepithelial Carcinoma
ISIC_0010441,data/raw/ISIC_Archive_1/Train/melanoma/ISIC_0010441.jpg,4,Melanoma,1,Basal Cell Carcinoma
ISIC_0010466,data/raw/ISIC_Archive_1/Train/melanoma/ISIC_0010466.jpg,4,Melanoma,5,Nevus
ISIC_0010468,data/raw/ISIC_Archive_1/Train/melanoma/ISIC_0010468.jpg,4,Melanoma,5,Nevus
ISIC_0010469,data/raw/ISIC_Archive_1/Train/melanoma/ISIC_0010469.jpg,4,Melanoma,2,Benign Keratosis-like Lesion
ISIC_0010470,data/raw/ISIC_Archive_1/Train/melanoma/ISIC_0010470.jpg,4,Melanoma,5,Nevus
ISIC_0010476,data/raw/ISIC_Archive_1/Train/melanoma/ISIC_0010476.jpg,4,Melanoma,2,Benign Keratosis-like Lesion
ISIC_0010478,data/raw/ISIC_Archive_1/Train/melanoma/ISIC_0010478.jpg,4,Melanoma,1,Basal Cell Carcinoma
ISIC_0010485,data/raw/ISIC_Archive_1/Train/melanoma/ISIC_0010485.jpg,4,Melanoma,5,Nevus
ISIC_0010486,data/raw/ISIC_Archive_1/Train/melanoma/ISIC_0010486.jpg,4,Melanoma,1,Basal Cell Carcinoma
ISIC_0010503,data/raw/ISIC_Archive_1/Train/melanoma/ISIC_0010503.jpg,4,Melanoma,4,Melanoma
ISIC_0010514,data/raw/ISIC_Archive_1/Train/melanoma/ISIC_0010514.jpg,4,Melanoma,5,Nevus
ISIC_0010516,data/raw/ISIC_Archive_1/Train/melanoma/ISIC_0010516.jpg,4,Melanoma,4,Melanoma
ISIC_0010527,data/raw/ISIC_Archive_1/Train/melanoma/ISIC_0010527.jpg,4,Melanoma,0,Actinic Keratosis / Intraepithelial Carcinoma
ISIC_0010532,data/raw/ISIC_Archive_1/Train/melanoma/ISIC_0010532.jpg,4,Melanoma,5,Nevus
ISIC_0010533,data/raw/ISIC_Archive_1/Train/melanoma/ISIC_0010533.jpg,4,Melanoma,5,Nevus
ISIC_0010534,data/raw/ISIC_Archive_1/Train/melanoma/ISIC_0010534.jpg,4,Melanoma,4,Melanoma
ISIC_0010536,data/raw/ISIC_Archive_1/Train/melanoma/ISIC_0010536.jpg,4,Melanoma,5,Nevus
ISIC_0010537,data/raw/ISIC_Archive_1/Train/melanoma/ISIC_0010537.jpg,4,Melanoma,5,Nevus
ISIC_0010543,data/raw/ISIC_Archive_1/Train/melanoma/ISIC_0010543.jpg,4,Melanoma,5,Nevus
ISIC_0010546,data/raw/ISIC_Archive_1/Train/melanoma/ISIC_0010546.jpg,4,Melanoma,0,Actinic Keratosis / Intraepithelial Carcinoma
ISIC_0010548,data/raw/ISIC_Archive_1/Train/melanoma/ISIC_0010548.jpg,4,Melanoma,5,Nevus
ISIC_0010550,data/raw/ISIC_Archive_1/Train/melanoma/ISIC_0010550.jpg,4,Melanoma,2,Benign Keratosis-like Lesion
ISIC_0010551,data/raw/ISIC_Archive_1/Train/melanoma/ISIC_0010551.jpg,4,Melanoma,0,Actinic Keratosis / Intraepithelial Carcinoma
ISIC_0010555,data/raw/ISIC_Archive_1/Train/melanoma/ISIC_0010555.jpg,4,Melanoma,1,Basal Cell Carcinoma
ISIC_0010559,data/raw/ISIC_Archive_1/Train/melanoma/ISIC_0010559.jpg,4,Melanoma,5,Nevus
ISIC_0010576,data/raw/ISIC_Archive_1/Train/melanoma/ISIC_0010576.jpg,4,Melanoma,5,Nevus
ISIC_0010580,data/raw/ISIC_Archive_1/Train/melanoma/ISIC_0010580.jpg,4,Melanoma,5,Nevus
ISIC_0010583,data/raw/ISIC_Archive_1/Train/melanoma/ISIC_0010583.jpg,4,Melanoma,2,Benign Keratosis-like Lesion
ISIC_0010587,data/raw/ISIC_Archive_1/Train/melanoma/ISIC_0010587.jpg,4,Melanoma,5,Nevus
ISIC_0010591,data/raw/ISIC_Archive_1/Train/melanoma/ISIC_0010591.jpg,4,Melanoma,5,Nevus
ISIC_0010596,data/raw/ISIC_Archive_1/Train/melanoma/ISIC_0010596.jpg,4,Melanoma,5,Nevus
ISIC_0010597,data/raw/ISIC_Archive_1/Train/melanoma/ISIC_0010597.jpg,4,Melanoma,4,Melanoma
ISIC_0010608,data/raw/ISIC_Archive_1/Train/melanoma/ISIC_0010608.jpg,4,Melanoma,2,Benign Keratosis-like Lesion
ISIC_0010610,data/raw/ISIC_Archive_1/Train/melanoma/ISIC_0010610.jpg,4,Melanoma,5,Nevus
ISIC_0010629,data/raw/ISIC_Archive_1/Train/melanoma/ISIC_0010629.jpg,4,Melanoma,2,Benign Keratosis-like Lesion
ISIC_0010630,data/raw/ISIC_Archive_1/Train/melanoma/ISIC_0010630.jpg,4,Melanoma,2,Benign Keratosis-like Lesion
ISIC_0010631,data/raw/ISIC_Archive_1/Train/melanoma/ISIC_0010631.jpg,4,Melanoma,5,Nevus
ISIC_0010644,data/raw/ISIC_Archive_1/Train/melanoma/ISIC_0010644.jpg,4,Melanoma,5,Nevus
ISIC_0010652,data/raw/ISIC_Archive_1/Train/melanoma/ISIC_0010652.jpg,4,Melanoma,4,Melanoma
ISIC_0010653,data/raw/ISIC_Archive_1/Train/melanoma/ISIC_0010653.jpg,4,Melanoma,2,Benign Keratosis-like Lesion
ISIC_0010655,data/raw/ISIC_Archive_1/Train/melanoma/ISIC_0010655.jpg,4,Melanoma,5,Nevus
ISIC_0010663,data/raw/ISIC_Archive_1/Train/melanoma/ISIC_0010663.jpg,4,Melanoma,4,Melanoma
ISIC_0010690,data/raw/ISIC_Archive_1/Train/melanoma/ISIC_0010690.jpg,4,Melanoma,0,Actinic Keratosis / Intraepithelial Carcinoma
ISIC_0010707,data/raw/ISIC_Archive_1/Train/melanoma/ISIC_0010707.jpg,4,Melanoma,2,Benign Keratosis-like Lesion
ISIC_0010714,data/raw/ISIC_Archive_1/Train/melanoma/ISIC_0010714.jpg,4,Melanoma,2,Benign Keratosis-like Lesion
ISIC_0010719,data/raw/ISIC_Archive_1/Train/melanoma/ISIC_0010719.jpg,4,Melanoma,2,Benign Keratosis-like Lesion
ISIC_0010723,data/raw/ISIC_Archive_1/Train/melanoma/ISIC_0010723.jpg,4,Melanoma,5,Nevus
ISIC_0010728,data/raw/ISIC_Archive_1/Train/melanoma/ISIC_0010728.jpg,4,Melanoma,5,Nevus
ISIC_0010730,data/raw/ISIC_Archive_1/Train/melanoma/ISIC_0010730.jpg,4,Melanoma,2,Benign Keratosis-like Lesion
ISIC_0010737,data/raw/ISIC_Archive_1/Train/melanoma/ISIC_0010737.jpg,4,Melanoma,5,Nevus
ISIC_0010741,data/raw/ISIC_Archive_1/Train/melanoma/ISIC_0010741.jpg,4,Melanoma,2,Benign Keratosis-like Lesion
ISIC_0010746,data/raw/ISIC_Archive_1/Train/melanoma/ISIC_0010746.jpg,4,Melanoma,1,Basal Cell Carcinoma
ISIC_0010749,data/raw/ISIC_Archive_1/Train/melanoma/ISIC_0010749.jpg,4,Melanoma,5,Nevus
ISIC_0010750,data/raw/ISIC_Archive_1/Train/melanoma/ISIC_0010750.jpg,4,Melanoma,5,Nevus
ISIC_0010754,data/raw/ISIC_Archive_1/Train/melanoma/ISIC_0010754.jpg,4,Melanoma,5,Nevus
ISIC_0010757,data/raw/ISIC_Archive_1/Train/melanoma/ISIC_0010757.jpg,4,Melanoma,5,Nevus
ISIC_0010765,data/raw/ISIC_Archive_1/Train/melanoma/ISIC_0010765.jpg,4,Melanoma,5,Nevus
ISIC_0010766,data/raw/ISIC_Archive_1/Train/melanoma/ISIC_0010766.jpg,4,Melanoma,0,Actinic Keratosis / Intraepithelial Carcinoma
ISIC_0010767,data/raw/ISIC_Archive_1/Train/melanoma/ISIC_0010767.jpg,4,Melanoma,5,Nevus
ISIC_0010770,data/raw/ISIC_Archive_1/Train/melanoma/ISIC_0010770.jpg,4,Melanoma,5,Nevus
ISIC_0010772,data/raw/ISIC_Archive_1/Train/melanoma/ISIC_0010772.jpg,4,Melanoma,5,Nevus
ISIC_0010777,data/raw/ISIC_Archive_1/Train/melanoma/ISIC_0010777.jpg,4,Melanoma,5,Nevus
ISIC_0010778,data/raw/ISIC_Archive_1/Train/melanoma/ISIC_0010778.jpg,4,Melanoma,4,Melanoma
ISIC_0010782,data/raw/ISIC_Archive_1/Train/melanoma/ISIC_0010782.jpg,4,Melanoma,5,Nevus
ISIC_0010784,data/raw/ISIC_Archive_1/Train/melanoma/ISIC_0010784.jpg,4,Melanoma,1,Basal Cell Carcinoma
ISIC_0010785,data/raw/ISIC_Archive_1/Train/melanoma/ISIC_0010785.jpg,4,Melanoma,2,Benign Keratosis-like Lesion
ISIC_0010789,data/raw/ISIC_Archive_1/Train/melanoma/ISIC_0010789.jpg,4,Melanoma,5,Nevus
ISIC_0010790,data/raw/ISIC_Archive_1/Train/melanoma/ISIC_0010790.jpg,4,Melanoma,0,Actinic Keratosis / Intraepithelial Carcinoma
ISIC_0010791,data/raw/ISIC_Archive_1/Train/melanoma/ISIC_0010791.jpg,4,Melanoma,1,Basal Cell Carcinoma
ISIC_0010792,data/raw/ISIC_Archive_1/Train/melanoma/ISIC_0010792.jpg,4,Melanoma,0,Actinic Keratosis / Intraepithelial Carcinoma
ISIC_0010796,data/raw/ISIC_Archive_1/Train/melanoma/ISIC_0010796.jpg,4,Melanoma,5,Nevus
ISIC_0010797,data/raw/ISIC_Archive_1/Train/melanoma/ISIC_0010797.jpg,4,Melanoma,5,Nevus
ISIC_0000019,data/raw/ISIC_Archive_1/Train/nevus/ISIC_0000019.jpg,5,Nevus,5,Nevus
ISIC_0000020,data/raw/ISIC_Archive_1/Train/nevus/ISIC_0000020.jpg,5,Nevus,5,Nevus
ISIC_0000021,data/raw/ISIC_Archive_1/Train/nevus/ISIC_0000021.jpg,5,Nevus,5,Nevus
ISIC_0000023,data/raw/ISIC_Archive_1/Train/nevus/ISIC_0000023.jpg,5,Nevus,5,Nevus
ISIC_0000024,data/raw/ISIC_Archive_1/Train/nevus/ISIC_0000024.jpg,5,Nevus,0,Actinic Keratosis / Intraepithelial Carcinoma
ISIC_0000025,data/raw/ISIC_Archive_1/Train/nevus/ISIC_0000025.jpg,5,Nevus,4,Melanoma
ISIC_0000027,data/raw/ISIC_Archive_1/Train/nevus/ISIC_0000027.jpg,5,Nevus,5,Nevus
ISIC_0000028,data/raw/ISIC_Archive_1/Train/nevus/ISIC_0000028.jpg,5,Nevus,5,Nevus
ISIC_0000032,data/raw/ISIC_Archive_1/Train/nevus/ISIC_0000032.jpg,5,Nevus,5,Nevus
ISIC_0000033,data/raw/ISIC_Archive_1/Train/nevus/ISIC_0000033.jpg,5,Nevus,2,Benign Keratosis-like Lesion
ISIC_0000034,data/raw/ISIC_Archive_1/Train/nevus/ISIC_0000034.jpg,5,Nevus,5,Nevus
ISIC_0000037,data/raw/ISIC_Archive_1/Train/nevus/ISIC_0000037.jpg,5,Nevus,5,Nevus
ISIC_0000038,data/raw/ISIC_Archive_1/Train/nevus/ISIC_0000038.jpg,5,Nevus,5,Nevus
ISIC_0000039,data/raw/ISIC_Archive_1/Train/nevus/ISIC_0000039.jpg,5,Nevus,2,Benign Keratosis-like Lesion
ISIC_0000041,data/raw/ISIC_Archive_1/Train/nevus/ISIC_0000041.jpg,5,Nevus,2,Benign Keratosis-like Lesion
ISIC_0000042,data/raw/ISIC_Archive_1/Train/nevus/ISIC_0000042.jpg,5,Nevus,5,Nevus
ISIC_0000050,data/raw/ISIC_Archive_1/Train/nevus/ISIC_0000050.jpg,5,Nevus,5,Nevus
ISIC_0000051,data/raw/ISIC_Archive_1/Train/nevus/ISIC_0000051.jpg,5,Nevus,5,Nevus
ISIC_0000055,data/raw/ISIC_Archive_1/Train/nevus/ISIC_0000055.jpg,5,Nevus,5,Nevus
ISIC_0000057,data/raw/ISIC_Archive_1/Train/nevus/ISIC_0000057.jpg,5,Nevus,5,Nevus
ISIC_0000059,data/raw/ISIC_Archive_1/Train/nevus/ISIC_0000059.jpg,5,Nevus,5,Nevus
ISIC_0000060,data/raw/ISIC_Archive_1/Train/nevus/ISIC_0000060.jpg,5,Nevus,5,Nevus
ISIC_0000061,data/raw/ISIC_Archive_1/Train/nevus/ISIC_0000061.jpg,5,Nevus,5,Nevus
ISIC_0000062,data/raw/ISIC_Archive_1/Train/nevus/ISIC_0000062.jpg,5,Nevus,5,Nevus
ISIC_0000063,data/raw/ISIC_Archive_1/Train/nevus/ISIC_0000063.jpg,5,Nevus,5,Nevus
ISIC_0000064,data/raw/ISIC_Archive_1/Train/nevus/ISIC_0000064.jpg,5,Nevus,5,Nevus
ISIC_0000065,data/raw/ISIC_Archive_1/Train/nevus/ISIC_0000065.jpg,5,Nevus,4,Melanoma
ISIC_0000066,data/raw/ISIC_Archive_1/Train/nevus/ISIC_0000066.jpg,5,Nevus,2,Benign Keratosis-like Lesion
ISIC_0000067,data/raw/ISIC_Archive_1/Train/nevus/ISIC_0000067.jpg,5,Nevus,2,Benign Keratosis-like Lesion
ISIC_0000073,data/raw/ISIC_Archive_1/Train/nevus/ISIC_0000073.jpg,5,Nevus,6,Vascular Lesion
ISIC_0000079,data/raw/ISIC_Archive_1/Train/nevus/ISIC_0000079.jpg,5,Nevus,2,Benign Keratosis-like Lesion
ISIC_0000080,data/raw/ISIC_Archive_1/Train/nevus/ISIC_0000080.jpg,5,Nevus,5,Nevus
ISIC_0000081,data/raw/ISIC_Archive_1/Train/nevus/ISIC_0000081.jpg,5,Nevus,1,Basal Cell Carcinoma
ISIC_0000082,data/raw/ISIC_Archive_1/Train/nevus/ISIC_0000082.jpg,5,Nevus,5,Nevus
ISIC_0000083,data/raw/ISIC_Archive_1/Train/nevus/ISIC_0000083.jpg,5,Nevus,5,Nevus
ISIC_0000084,data/raw/ISIC_Archive_1/Train/nevus/ISIC_0000084.jpg,5,Nevus,5,Nevus
ISIC_0000085,data/raw/ISIC_Archive_1/Train/nevus/ISIC_0000085.jpg,5,Nevus,5,Nevus
ISIC_0000086,data/raw/ISIC_Archive_1/Train/nevus/ISIC_0000086.jpg,5,Nevus,5,Nevus
ISIC_0000087,data/raw/ISIC_Archive_1/Train/nevus/ISIC_0000087.jpg,5,Nevus,5,Nevus
ISIC_0000089,data/raw/ISIC_Archive_1/Train/nevus/ISIC_0000089.jpg,5,Nevus,4,Melanoma
ISIC_0000091,data/raw/ISIC_Archive_1/Train/nevus/ISIC_0000091.jpg,5,Nevus,5,Nevus
ISIC_0000092,data/raw/ISIC_Archive_1/Train/nevus/ISIC_0000092.jpg,5,Nevus,5,Nevus
ISIC_0000093,data/raw/ISIC_Archive_1/Train/nevus/ISIC_0000093.jpg,5,Nevus,5,Nevus
ISIC_0000094,data/raw/ISIC_Archive_1/Train/nevus/ISIC_0000094.jpg,5,Nevus,1,Basal Cell Carcinoma
ISIC_0000095,data/raw/ISIC_Archive_1/Train/nevus/ISIC_0000095.jpg,5,Nevus,5,Nevus
ISIC_0000096,data/raw/ISIC_Archive_1/Train/nevus/ISIC_0000096.jpg,5,Nevus,5,Nevus
ISIC_0000097,data/raw/ISIC_Archive_1/Train/nevus/ISIC_0000097.jpg,5,Nevus,4,Melanoma
ISIC_0000219,data/raw/ISIC_Archive_1/Train/nevus/ISIC_0000219.jpg,5,Nevus,1,Basal Cell Carcinoma
ISIC_0000220,data/raw/ISIC_Archive_1/Train/nevus/ISIC_0000220.jpg,5,Nevus,5,Nevus
ISIC_0000221,data/raw/ISIC_Archive_1/Train/nevus/ISIC_0000221.jpg,5,Nevus,5,Nevus
ISIC_0000222,data/raw/ISIC_Archive_1/Train/nevus/ISIC_0000222.jpg,5,Nevus,4,Melanoma
ISIC_0000223,data/raw/ISIC_Archive_1/Train/nevus/ISIC_0000223.jpg,5,Nevus,5,Nevus
ISIC_0000224,data/raw/ISIC_Archive_1/Train/nevus/ISIC_0000224.jpg,5,Nevus,5,Nevus
ISIC_0000226,data/raw/ISIC_Archive_1/Train/nevus/ISIC_0000226.jpg,5,Nevus,5,Nevus
ISIC_0000227,data/raw/ISIC_Archive_1/Train/nevus/ISIC_0000227.jpg,5,Nevus,4,Melanoma
ISIC_0000228,data/raw/ISIC_Archive_1/Train/nevus/ISIC_0000228.jpg,5,Nevus,4,Melanoma
ISIC_0000229,data/raw/ISIC_Archive_1/Train/nevus/ISIC_0000229.jpg,5,Nevus,2,Benign Keratosis-like Lesion
ISIC_0000230,data/raw/ISIC_Archive_1/Train/nevus/ISIC_0000230.jpg,5,Nevus,4,Melanoma
ISIC_0000232,data/raw/ISIC_Archive_1/Train/nevus/ISIC_0000232.jpg,5,Nevus,2,Benign Keratosis-like Lesion
ISIC_0000233,data/raw/ISIC_Archive_1/Train/nevus/ISIC_0000233.jpg,5,Nevus,5,Nevus
ISIC_0000234,data/raw/ISIC_Archive_1/Train/nevus/ISIC_0000234.jpg,5,Nevus,5,Nevus
ISIC_0000235,data/raw/ISIC_Archive_1/Train/nevus/ISIC_0000235.jpg,5,Nevus,6,Vascular Lesion
ISIC_0000236,data/raw/ISIC_Archive_1/Train/nevus/ISIC_0000236.jpg,5,Nevus,2,Benign Keratosis-like Lesion
ISIC_0000237,data/raw/ISIC_Archive_1/Train/nevus/ISIC_0000237.jpg,5,Nevus,2,Benign Keratosis-like Lesion
ISIC_0000238,data/raw/ISIC_Archive_1/Train/nevus/ISIC_0000238.jpg,5,Nevus,5,Nevus
ISIC_0000240,data/raw/ISIC_Archive_1/Train/nevus/ISIC_0000240.jpg,5,Nevus,5,Nevus
ISIC_0000241,data/raw/ISIC_Archive_1/Train/nevus/ISIC_0000241.jpg,5,Nevus,5,Nevus
ISIC_0000243,data/raw/ISIC_Archive_1/Train/nevus/ISIC_0000243.jpg,5,Nevus,2,Benign Keratosis-like Lesion
ISIC_0000244,data/raw/ISIC_Archive_1/Train/nevus/ISIC_0000244.jpg,5,Nevus,5,Nevus
ISIC_0000245,data/raw/ISIC_Archive_1/Train/nevus/ISIC_0000245.jpg,5,Nevus,5,Nevus
ISIC_0000246,data/raw/ISIC_Archive_1/Train/nevus/ISIC_0000246.jpg,5,Nevus,2,Benign Keratosis-like Lesion
ISIC_0000248,data/raw/ISIC_Archive_1/Train/nevus/ISIC_0000248.jpg,5,Nevus,5,Nevus
ISIC_0000250,data/raw/ISIC_Archive_1/Train/nevus/ISIC_0000250.jpg,5,Nevus,5,Nevus
ISIC_0000256,data/raw/ISIC_Archive_1/Train/nevus/ISIC_0000256.jpg,5,Nevus,5,Nevus
ISIC_0000258,data/raw/ISIC_Archive_1/Train/nevus/ISIC_0000258.jpg,5,Nevus,5,Nevus
ISIC_0000259,data/raw/ISIC_Archive_1/Train/nevus/ISIC_0000259.jpg,5,Nevus,2,Benign Keratosis-like Lesion
ISIC_0000261,data/raw/ISIC_Archive_1/Train/nevus/ISIC_0000261.jpg,5,Nevus,2,Benign Keratosis-like Lesion
ISIC_0000262,data/raw/ISIC_Archive_1/Train/nevus/ISIC_0000262.jpg,5,Nevus,5,Nevus
ISIC_0000263,data/raw/ISIC_Archive_1/Train/nevus/ISIC_0000263.jpg,5,Nevus,5,Nevus
ISIC_0000264,data/raw/ISIC_Archive_1/Train/nevus/ISIC_0000264.jpg,5,Nevus,5,Nevus
ISIC_0000265,data/raw/ISIC_Archive_1/Train/nevus/ISIC_0000265.jpg,5,Nevus,5,Nevus
ISIC_0000266,data/raw/ISIC_Archive_1/Train/nevus/ISIC_0000266.jpg,5,Nevus,2,Benign Keratosis-like Lesion
ISIC_0000267,data/raw/ISIC_Archive_1/Train/nevus/ISIC_0000267.jpg,5,Nevus,5,Nevus
ISIC_0000268,data/raw/ISIC_Archive_1/Train/nevus/ISIC_0000268.jpg,5,Nevus,5,Nevus
ISIC_0000270,data/raw/ISIC_Archive_1/Train/nevus/ISIC_0000270.jpg,5,Nevus,2,Benign Keratosis-like Lesion
ISIC_0000271,data/raw/ISIC_Archive_1/Train/nevus/ISIC_0000271.jpg,5,Nevus,2,Benign Keratosis-like Lesion
ISIC_0000272,data/raw/ISIC_Archive_1/Train/nevus/ISIC_0000272.jpg,5,Nevus,5,Nevus
ISIC_0000273,data/raw/ISIC_Archive_1/Train/nevus/ISIC_0000273.jpg,5,Nevus,5,Nevus
ISIC_0000315,data/raw/ISIC_Archive_1/Train/nevus/ISIC_0000315.jpg,5,Nevus,4,Melanoma
ISIC_0000316,data/raw/ISIC_Archive_1/Train/nevus/ISIC_0000316.jpg,5,Nevus,5,Nevus
ISIC_0000318,data/raw/ISIC_Archive_1/Train/nevus/ISIC_0000318.jpg,5,Nevus,5,Nevus
ISIC_0000322,data/raw/ISIC_Archive_1/Train/nevus/ISIC_0000322.jpg,5,Nevus,4,Melanoma
ISIC_0000323,data/raw/ISIC_Archive_1/Train/nevus/ISIC_0000323.jpg,5,Nevus,2,Benign Keratosis-like Lesion
ISIC_0000324,data/raw/ISIC_Archive_1/Train/nevus/ISIC_0000324.jpg,5,Nevus,5,Nevus
ISIC_0000326,data/raw/ISIC_Archive_1/Train/nevus/ISIC_0000326.jpg,5,Nevus,5,Nevus
ISIC_0000327,data/raw/ISIC_Archive_1/Train/nevus/ISIC_0000327.jpg,5,Nevus,5,Nevus
ISIC_0000328,data/raw/ISIC_Archive_1/Train/nevus/ISIC_0000328.jpg,5,Nevus,5,Nevus
ISIC_0000329,data/raw/ISIC_Archive_1/Train/nevus/ISIC_0000329.jpg,5,Nevus,2,Benign Keratosis-like Lesion
ISIC_0000330,data/raw/ISIC_Archive_1/Train/nevus/ISIC_0000330.jpg,5,Nevus,5,Nevus
ISIC_0000331,data/raw/ISIC_Archive_1/Train/nevus/ISIC_0000331.jpg,5,Nevus,5,Nevus
ISIC_0000332,data/raw/ISIC_Archive_1/Train/nevus/ISIC_0000332.jpg,5,Nevus,5,Nevus
ISIC_0000333,data/raw/ISIC_Archive_1/Train/nevus/ISIC_0000333.jpg,5,Nevus,5,Nevus
ISIC_0000334,data/raw/ISIC_Archive_1/Train/nevus/ISIC_0000334.jpg,5,Nevus,5,Nevus
ISIC_0000335,data/raw/ISIC_Archive_1/Train/nevus/ISIC_0000335.jpg,5,Nevus,5,Nevus
ISIC_0000336,data/raw/ISIC_Archive_1/Train/nevus/ISIC_0000336.jpg,5,Nevus,5,Nevus
ISIC_0000337,data/raw/ISIC_Archive_1/Train/nevus/ISIC_0000337.jpg,5,Nevus,4,Melanoma
ISIC_0000339,data/raw/ISIC_Archive_1/Train/nevus/ISIC_0000339.jpg,5,Nevus,3,Dermatofibroma
ISIC_0000341,data/raw/ISIC_Archive_1/Train/nevus/ISIC_0000341.jpg,5,Nevus,2,Benign Keratosis-like Lesion
ISIC_0000342,data/raw/ISIC_Archive_1/Train/nevus/ISIC_0000342.jpg,5,Nevus,5,Nevus
ISIC_0000343,data/raw/ISIC_Archive_1/Train/nevus/ISIC_0000343.jpg,5,Nevus,4,Melanoma
ISIC_0000344,data/raw/ISIC_Archive_1/Train/nevus/ISIC_0000344.jpg,5,Nevus,5,Nevus
ISIC_0000347,data/raw/ISIC_Archive_1/Train/nevus/ISIC_0000347.jpg,5,Nevus,5,Nevus
ISIC_0000348,data/raw/ISIC_Archive_1/Train/nevus/ISIC_0000348.jpg,5,Nevus,5,Nevus
ISIC_0000350,data/raw/ISIC_Archive_1/Train/nevus/ISIC_0000350.jpg,5,Nevus,5,Nevus
ISIC_0000351,data/raw/ISIC_Archive_1/Train/nevus/ISIC_0000351.jpg,5,Nevus,5,Nevus
ISIC_0000352,data/raw/ISIC_Archive_1/Train/nevus/ISIC_0000352.jpg,5,Nevus,5,Nevus
ISIC_0000353,data/raw/ISIC_Archive_1/Train/nevus/ISIC_0000353.jpg,5,Nevus,5,Nevus
ISIC_0000354,data/raw/ISIC_Archive_1/Train/nevus/ISIC_0000354.jpg,5,Nevus,5,Nevus
ISIC_0000355,data/raw/ISIC_Archive_1/Train/nevus/ISIC_0000355.jpg,5,Nevus,5,Nevus
ISIC_0000356,data/raw/ISIC_Archive_1/Train/nevus/ISIC_0000356.jpg,5,Nevus,5,Nevus
ISIC_0000357,data/raw/ISIC_Archive_1/Train/nevus/ISIC_0000357.jpg,5,Nevus,5,Nevus
ISIC_0000358,data/raw/ISIC_Archive_1/Train/nevus/ISIC_0000358.jpg,5,Nevus,5,Nevus
ISIC_0000359,data/raw/ISIC_Archive_1/Train/nevus/ISIC_0000359.jpg,5,Nevus,4,Melanoma
ISIC_0000361,data/raw/ISIC_Archive_1/Train/nevus/ISIC_0000361.jpg,5,Nevus,4,Melanoma
ISIC_0000362,data/raw/ISIC_Archive_1/Train/nevus/ISIC_0000362.jpg,5,Nevus,5,Nevus
ISIC_0000363,data/raw/ISIC_Archive_1/Train/nevus/ISIC_0000363.jpg,5,Nevus,4,Melanoma
ISIC_0000364,data/raw/ISIC_Archive_1/Train/nevus/ISIC_0000364.jpg,5,Nevus,4,Melanoma
ISIC_0000365,data/raw/ISIC_Archive_1/Train/nevus/ISIC_0000365.jpg,5,Nevus,5,Nevus
ISIC_0000366,data/raw/ISIC_Archive_1/Train/nevus/ISIC_0000366.jpg,5,Nevus,5,Nevus
ISIC_0000367,data/raw/ISIC_Archive_1/Train/nevus/ISIC_0000367.jpg,5,Nevus,5,Nevus
ISIC_0000369,data/raw/ISIC_Archive_1/Train/nevus/ISIC_0000369.jpg,5,Nevus,4,Melanoma
ISIC_0000372,data/raw/ISIC_Archive_1/Train/nevus/ISIC_0000372.jpg,5,Nevus,5,Nevus
ISIC_0000373,data/raw/ISIC_Archive_1/Train/nevus/ISIC_0000373.jpg,5,Nevus,5,Nevus
ISIC_0000374,data/raw/ISIC_Archive_1/Train/nevus/ISIC_0000374.jpg,5,Nevus,5,Nevus
ISIC_0000375,data/raw/ISIC_Archive_1/Train/nevus/ISIC_0000375.jpg,5,Nevus,5,Nevus
ISIC_0000376,data/raw/ISIC_Archive_1/Train/nevus/ISIC_0000376.jpg,5,Nevus,5,Nevus
ISIC_0000377,data/raw/ISIC_Archive_1/Train/nevus/ISIC_0000377.jpg,5,Nevus,5,Nevus
ISIC_0000379,data/raw/ISIC_Archive_1/Train/nevus/ISIC_0000379.jpg,5,Nevus,5,Nevus
ISIC_0000380,data/raw/ISIC_Archive_1/Train/nevus/ISIC_0000380.jpg,5,Nevus,4,Melanoma
ISIC_0000382,data/raw/ISIC_Archive_1/Train/nevus/ISIC_0000382.jpg,5,Nevus,5,Nevus
ISIC_0000383,data/raw/ISIC_Archive_1/Train/nevus/ISIC_0000383.jpg,5,Nevus,5,Nevus
ISIC_0000384,data/raw/ISIC_Archive_1/Train/nevus/ISIC_0000384.jpg,5,Nevus,5,Nevus
ISIC_0000385,data/raw/ISIC_Archive_1/Train/nevus/ISIC_0000385.jpg,5,Nevus,5,Nevus
ISIC_0000386,data/raw/ISIC_Archive_1/Train/nevus/ISIC_0000386.jpg,5,Nevus,5,Nevus
ISIC_0000387,data/raw/ISIC_Archive_1/Train/nevus/ISIC_0000387.jpg,5,Nevus,5,Nevus
ISIC_0000388,data/raw/ISIC_Archive_1/Train/nevus/ISIC_0000388.jpg,5,Nevus,5,Nevus
ISIC_0000391,data/raw/ISIC_Archive_1/Train/nevus/ISIC_0000391.jpg,5,Nevus,5,Nevus
ISIC_0000392,data/raw/ISIC_Archive_1/Train/nevus/ISIC_0000392.jpg,5,Nevus,5,Nevus
ISIC_0000396,data/raw/ISIC_Archive_1/Train/nevus/ISIC_0000396.jpg,5,Nevus,5,Nevus
ISIC_0000397,data/raw/ISIC_Archive_1/Train/nevus/ISIC_0000397.jpg,5,Nevus,5,Nevus
ISIC_0000403,data/raw/ISIC_Archive_1/Train/nevus/ISIC_0000403.jpg,5,Nevus,5,Nevus
ISIC_0000407,data/raw/ISIC_Archive_1/Train/nevus/ISIC_0000407.jpg,5,Nevus,5,Nevus
ISIC_0000408,data/raw/ISIC_Archive_1/Train/nevus/ISIC_0000408.jpg,5,Nevus,5,Nevus
ISIC_0000409,data/raw/ISIC_Archive_1/Train/nevus/ISIC_0000409.jpg,5,Nevus,5,Nevus
ISIC_0000416,data/raw/ISIC_Archive_1/Train/nevus/ISIC_0000416.jpg,5,Nevus,5,Nevus
ISIC_0000419,data/raw/ISIC_Archive_1/Train/nevus/ISIC_0000419.jpg,5,Nevus,5,Nevus
ISIC_0000421,data/raw/ISIC_Archive_1/Train/nevus/ISIC_0000421.jpg,5,Nevus,5,Nevus
ISIC_0000422,data/raw/ISIC_Archive_1/Train/nevus/ISIC_0000422.jpg,5,Nevus,5,Nevus
ISIC_0000424,data/raw/ISIC_Archive_1/Train/nevus/ISIC_0000424.jpg,5,Nevus,5,Nevus
ISIC_0000426,data/raw/ISIC_Archive_1/Train/nevus/ISIC_0000426.jpg,5,Nevus,2,Benign Keratosis-like Lesion
ISIC_0000427,data/raw/ISIC_Archive_1/Train/nevus/ISIC_0000427.jpg,5,Nevus,5,Nevus
ISIC_0000430,data/raw/ISIC_Archive_1/Train/nevus/ISIC_0000430.jpg,5,Nevus,2,Benign Keratosis-like Lesion
ISIC_0000431,data/raw/ISIC_Archive_1/Train/nevus/ISIC_0000431.jpg,5,Nevus,5,Nevus
ISIC_0000433,data/raw/ISIC_Archive_1/Train/nevus/ISIC_0000433.jpg,5,Nevus,5,Nevus
ISIC_0000435,data/raw/ISIC_Archive_1/Train/nevus/ISIC_0000435.jpg,5,Nevus,5,Nevus
ISIC_0000436,data/raw/ISIC_Archive_1/Train/nevus/ISIC_0000436.jpg,5,Nevus,2,Benign Keratosis-like Lesion
ISIC_0000437,data/raw/ISIC_Archive_1/Train/nevus/ISIC_0000437.jpg,5,Nevus,5,Nevus
ISIC_0000439,data/raw/ISIC_Archive_1/Train/nevus/ISIC_0000439.jpg,5,Nevus,5,Nevus
ISIC_0000442,data/raw/ISIC_Archive_1/Train/nevus/ISIC_0000442.jpg,5,Nevus,5,Nevus
ISIC_0000443,data/raw/ISIC_Archive_1/Train/nevus/ISIC_0000443.jpg,5,Nevus,5,Nevus
ISIC_0000447,data/raw/ISIC_Archive_1/Train/nevus/ISIC_0000447.jpg,5,Nevus,5,Nevus
ISIC_0000448,data/raw/ISIC_Archive_1/Train/nevus/ISIC_0000448.jpg,5,Nevus,5,Nevus
ISIC_0000449,data/raw/ISIC_Archive_1/Train/nevus/ISIC_0000449.jpg,5,Nevus,5,Nevus
ISIC_0000451,data/raw/ISIC_Archive_1/Train/nevus/ISIC_0000451.jpg,5,Nevus,5,Nevus
ISIC_0000452,data/raw/ISIC_Archive_1/Train/nevus/ISIC_0000452.jpg,5,Nevus,5,Nevus
ISIC_0000453,data/raw/ISIC_Archive_1/Train/nevus/ISIC_0000453.jpg,5,Nevus,5,Nevus
ISIC_0000455,data/raw/ISIC_Archive_1/Train/nevus/ISIC_0000455.jpg,5,Nevus,5,Nevus
ISIC_0000456,data/raw/ISIC_Archive_1/Train/nevus/ISIC_0000456.jpg,5,Nevus,2,Benign Keratosis-like Lesion
ISIC_0000457,data/raw/ISIC_Archive_1/Train/nevus/ISIC_0000457.jpg,5,Nevus,5,Nevus
ISIC_0000458,data/raw/ISIC_Archive_1/Train/nevus/ISIC_0000458.jpg,5,Nevus,5,Nevus
ISIC_0000461,data/raw/ISIC_Archive_1/Train/nevus/ISIC_0000461.jpg,5,Nevus,2,Benign Keratosis-like Lesion
ISIC_0000465,data/raw/ISIC_Archive_1/Train/nevus/ISIC_0000465.jpg,5,Nevus,2,Benign Keratosis-like Lesion
ISIC_0000467,data/raw/ISIC_Archive_1/Train/nevus/ISIC_0000467.jpg,5,Nevus,5,Nevus
ISIC_0000468,data/raw/ISIC_Archive_1/Train/nevus/ISIC_0000468.jpg,5,Nevus,5,Nevus
ISIC_0000470,data/raw/ISIC_Archive_1/Train/nevus/ISIC_0000470.jpg,5,Nevus,5,Nevus
ISIC_0000472,data/raw/ISIC_Archive_1/Train/nevus/ISIC_0000472.jpg,5,Nevus,3,Dermatofibroma
ISIC_0000473,data/raw/ISIC_Archive_1/Train/nevus/ISIC_0000473.jpg,5,Nevus,5,Nevus
ISIC_0000474,data/raw/ISIC_Archive_1/Train/nevus/ISIC_0000474.jpg,5,Nevus,5,Nevus
ISIC_0000477,data/raw/ISIC_Archive_1/Train/nevus/ISIC_0000477.jpg,5,Nevus,6,Vascular Lesion
ISIC_0000478,data/raw/ISIC_Archive_1/Train/nevus/ISIC_0000478.jpg,5,Nevus,5,Nevus
ISIC_0000479,data/raw/ISIC_Archive_1/Train/nevus/ISIC_0000479.jpg,5,Nevus,5,Nevus
ISIC_0000480,data/raw/ISIC_Archive_1/Train/nevus/ISIC_0000480.jpg,5,Nevus,5,Nevus
ISIC_0000481,data/raw/ISIC_Archive_1/Train/nevus/ISIC_0000481.jpg,5,Nevus,4,Melanoma
ISIC_0000483,data/raw/ISIC_Archive_1/Train/nevus/ISIC_0000483.jpg,5,Nevus,5,Nevus
ISIC_0000485,data/raw/ISIC_Archive_1/Train/nevus/ISIC_0000485.jpg,5,Nevus,4,Melanoma
ISIC_0000486,data/raw/ISIC_Archive_1/Train/nevus/ISIC_0000486.jpg,5,Nevus,5,Nevus
ISIC_0000488,data/raw/ISIC_Archive_1/Train/nevus/ISIC_0000488.jpg,5,Nevus,5,Nevus
ISIC_0000491,data/raw/ISIC_Archive_1/Train/nevus/ISIC_0000491.jpg,5,Nevus,5,Nevus
ISIC_0000493,data/raw/ISIC_Archive_1/Train/nevus/ISIC_0000493.jpg,5,Nevus,4,Melanoma
ISIC_0000494,data/raw/ISIC_Archive_1/Train/nevus/ISIC_0000494.jpg,5,Nevus,5,Nevus
ISIC_0000495,data/raw/ISIC_Archive_1/Train/nevus/ISIC_0000495.jpg,5,Nevus,5,Nevus
ISIC_0000496,data/raw/ISIC_Archive_1/Train/nevus/ISIC_0000496.jpg,5,Nevus,5,Nevus
ISIC_0000498,data/raw/ISIC_Archive_1/Train/nevus/ISIC_0000498.jpg,5,Nevus,4,Melanoma
ISIC_0000499,data/raw/ISIC_Archive_1/Train/nevus/ISIC_0000499.jpg,5,Nevus,5,Nevus
ISIC_0000500,data/raw/ISIC_Archive_1/Train/nevus/ISIC_0000500.jpg,5,Nevus,5,Nevus
ISIC_0000501,data/raw/ISIC_Archive_1/Train/nevus/ISIC_0000501.jpg,5,Nevus,4,Melanoma
ISIC_0000503,data/raw/ISIC_Archive_1/Train/nevus/ISIC_0000503.jpg,5,Nevus,4,Melanoma
ISIC_0000504,data/raw/ISIC_Archive_1/Train/nevus/ISIC_0000504.jpg,5,Nevus,5,Nevus
ISIC_0000505,data/raw/ISIC_Archive_1/Train/nevus/ISIC_0000505.jpg,5,Nevus,5,Nevus
ISIC_0000506,data/raw/ISIC_Archive_1/Train/nevus/ISIC_0000506.jpg,5,Nevus,5,Nevus
ISIC_0000507,data/raw/ISIC_Archive_1/Train/nevus/ISIC_0000507.jpg,5,Nevus,5,Nevus
ISIC_0000508,data/raw/ISIC_Archive_1/Train/nevus/ISIC_0000508.jpg,5,Nevus,5,Nevus
ISIC_0000509,data/raw/ISIC_Archive_1/Train/nevus/ISIC_0000509.jpg,5,Nevus,5,Nevus
ISIC_0000510,data/raw/ISIC_Archive_1/Train/nevus/ISIC_0000510.jpg,5,Nevus,5,Nevus
ISIC_0000512,data/raw/ISIC_Archive_1/Train/nevus/ISIC_0000512.jpg,5,Nevus,6,Vascular Lesion
ISIC_0000514,data/raw/ISIC_Archive_1/Train/nevus/ISIC_0000514.jpg,5,Nevus,5,Nevus
ISIC_0000515,data/raw/ISIC_Archive_1/Train/nevus/ISIC_0000515.jpg,5,Nevus,5,Nevus
ISIC_0000523,data/raw/ISIC_Archive_1/Train/nevus/ISIC_0000523.jpg,5,Nevus,5,Nevus
ISIC_0000524,data/raw/ISIC_Archive_1/Train/nevus/ISIC_0000524.jpg,5,Nevus,4,Melanoma
ISIC_0000525,data/raw/ISIC_Archive_1/Train/nevus/ISIC_0000525.jpg,5,Nevus,5,Nevus
ISIC_0000527,data/raw/ISIC_Archive_1/Train/nevus/ISIC_0000527.jpg,5,Nevus,2,Benign Keratosis-like Lesion
ISIC_0000528,data/raw/ISIC_Archive_1/Train/nevus/ISIC_0000528.jpg,5,Nevus,5,Nevus
ISIC_0000529,data/raw/ISIC_Archive_1/Train/nevus/ISIC_0000529.jpg,5,Nevus,5,Nevus
ISIC_0000534,data/raw/ISIC_Archive_1/Train/nevus/ISIC_0000534.jpg,5,Nevus,5,Nevus
ISIC_0000535,data/raw/ISIC_Archive_1/Train/nevus/ISIC_0000535.jpg,5,Nevus,5,Nevus
ISIC_0000536,data/raw/ISIC_Archive_1/Train/nevus/ISIC_0000536.jpg,5,Nevus,5,Nevus
ISIC_0000537,data/raw/ISIC_Archive_1/Train/nevus/ISIC_0000537.jpg,5,Nevus,5,Nevus
ISIC_0000538,data/raw/ISIC_Archive_1/Train/nevus/ISIC_0000538.jpg,5,Nevus,5,Nevus
ISIC_0000539,data/raw/ISIC_Archive_1/Train/nevus/ISIC_0000539.jpg,5,Nevus,5,Nevus
ISIC_0000540,data/raw/ISIC_Archive_1/Train/nevus/ISIC_0000540.jpg,5,Nevus,5,Nevus
ISIC_0000541,data/raw/ISIC_Archive_1/Train/nevus/ISIC_0000541.jpg,5,Nevus,4,Melanoma
ISIC_0000542,data/raw/ISIC_Archive_1/Train/nevus/ISIC_0000542.jpg,5,Nevus,5,Nevus
ISIC_0000543,data/raw/ISIC_Archive_1/Train/nevus/ISIC_0000543.jpg,5,Nevus,4,Melanoma
ISIC_0000544,data/raw/ISIC_Archive_1/Train/nevus/ISIC_0000544.jpg,5,Nevus,4,Melanoma
ISIC_0000545,data/raw/ISIC_Archive_1/Train/nevus/ISIC_0000545.jpg,5,Nevus,5,Nevus
ISIC_0000546,data/raw/ISIC_Archive_1/Train/nevus/ISIC_0000546.jpg,5,Nevus,5,Nevus
ISIC_0000556,data/raw/ISIC_Archive_1/Train/nevus/ISIC_0000556.jpg,5,Nevus,5,Nevus
ISIC_0010426,data/raw/ISIC_Archive_1/Train/melanoma/ISIC_0010426.jpg,4,Melanoma,4,Melanoma
ISIC_0010400,data/raw/ISIC_Archive_1/Train/melanoma/ISIC_0010400.jpg,4,Melanoma,2,Benign Keratosis-like Lesion
ISIC_0010611,data/raw/ISIC_Archive_1/Train/melanoma/ISIC_0010611.jpg,4,Melanoma,2,Benign Keratosis-like Lesion
ISIC_0009910,data/raw/ISIC_Archive_1/Train/melanoma/ISIC_0009910.jpg,4,Melanoma,5,Nevus
ISIC_0000410,data/raw/ISIC_Archive_1/Train/melanoma/ISIC_0000410.jpg,4,Melanoma,2,Benign Keratosis-like Lesion
ISIC_0010648,data/raw/ISIC_Archive_1/Train/melanoma/ISIC_0010648.jpg,4,Melanoma,5,Nevus
ISIC_0009882,data/raw/ISIC_Archive_1/Train/melanoma/ISIC_0009882.jpg,4,Melanoma,2,Benign Keratosis-like Lesion
ISIC_0000299,data/raw/ISIC_Archive_1/Train/melanoma/ISIC_0000299.jpg,4,Melanoma,4,Melanoma
ISIC_0000414,data/raw/ISIC_Archive_1/Train/melanoma/ISIC_0000414.jpg,4,Melanoma,4,Melanoma
ISIC_0010402,data/raw/ISIC_Archive_1/Train/melanoma/ISIC_0010402.jpg,4,Melanoma,4,Melanoma
ISIC_0010407,data/raw/ISIC_Archive_1/Train/melanoma/ISIC_0010407.jpg,4,Melanoma,2,Benign Keratosis-like Lesion
ISIC_0010376,data/raw/ISIC_Archive_1/Train/melanoma/ISIC_0010376.jpg,4,Melanoma,0,Actinic Keratosis / Intraepithelial Carcinoma
ISIC_0010391,data/raw/ISIC_Archive_1/Train/melanoma/ISIC_0010391.jpg,4,Melanoma,2,Benign Keratosis-like Lesion
ISIC_0000459,data/raw/ISIC_Archive_1/Train/melanoma/ISIC_0000459.jpg,4,Melanoma,5,Nevus
ISIC_0000450,data/raw/ISIC_Archive_1/Train/melanoma/ISIC_0000450.jpg,4,Melanoma,5,Nevus
ISIC_0010148,data/raw/ISIC_Archive_1/Train/melanoma/ISIC_0010148.jpg,4,Melanoma,5,Nevus
ISIC_0000522,data/raw/ISIC_Archive_1/Train/melanoma/ISIC_0000522.jpg,4,Melanoma,5,Nevus
ISIC_0009897,data/raw/ISIC_Archive_1/Train/melanoma/ISIC_0009897.jpg,4,Melanoma,5,Nevus
ISIC_0000484,data/raw/ISIC_Archive_1/Train/melanoma/ISIC_0000484.jpg,4,Melanoma,4,Melanoma
ISIC_0010783,data/raw/ISIC_Archive_1/Train/melanoma/ISIC_0010783.jpg,4,Melanoma,0,Actinic Keratosis / Intraepithelial Carcinoma
ISIC_0010729,data/raw/ISIC_Archive_1/Train/melanoma/ISIC_0010729.jpg,4,Melanoma,4,Melanoma
ISIC_0010034,data/raw/ISIC_Archive_1/Train/melanoma/ISIC_0010034.jpg,4,Melanoma,4,Melanoma
ISIC_0009955,data/raw/ISIC_Archive_1/Train/melanoma/ISIC_0009955.jpg,4,Melanoma,5,Nevus
ISIC_0000165,data/raw/ISIC_Archive_1/Train/melanoma/ISIC_0000165.jpg,4,Melanoma,5,Nevus
ISIC_0010759,data/raw/ISIC_Archive_1/Train/melanoma/ISIC_0010759.jpg,4,Melanoma,5,Nevus
ISIC_0009913,data/raw/ISIC_Archive_1/Train/melanoma/ISIC_0009913.jpg,4,Melanoma,5,Nevus
ISIC_0010579,data/raw/ISIC_Archive_1/Train/melanoma/ISIC_0010579.jpg,4,Melanoma,0,Actinic Keratosis / Intraepithelial Carcinoma
ISIC_0001103,data/raw/ISIC_Archive_1/Train/melanoma/ISIC_0001103.jpg,4,Melanoma,5,Nevus
ISIC_0001128,data/raw/ISIC_Archive_1/Train/melanoma/ISIC_0001128.jpg,4,Melanoma,5,Nevus
ISIC_0010482,data/raw/ISIC_Archive_1/Train/melanoma/ISIC_0010482.jpg,4,Melanoma,2,Benign Keratosis-like Lesion
ISIC_0010081,data/raw/ISIC_Archive_1/Train/melanoma/ISIC_0010081.jpg,4,Melanoma,1,Basal Cell Carcinoma
ISIC_0010393,data/raw/ISIC_Archive_1/Train/melanoma/ISIC_0010393.jpg,4,Melanoma,5,Nevus
ISIC_0010231,data/raw/ISIC_Archive_1/Train/melanoma/ISIC_0010231.jpg,4,Melanoma,5,Nevus
ISIC_0010432,data/raw/ISIC_Archive_1/Train/melanoma/ISIC_0010432.jpg,4,Melanoma,2,Benign Keratosis-like Lesion
ISIC_0010379,data/raw/ISIC_Archive_1/Train/melanoma/ISIC_0010379.jpg,4,Melanoma,4,Melanoma
ISIC_0010413,data/raw/ISIC_Archive_1/Train/melanoma/ISIC_0010413.jpg,4,Melanoma,0,Actinic Keratosis / Intraepithelial Carcinoma
ISIC_0000278,data/raw/ISIC_Archive_1/Train/melanoma/ISIC_0000278.jpg,4,Melanoma,4,Melanoma
ISIC_0000463,data/raw/ISIC_Archive_1/Train/melanoma/ISIC_0000463.jpg,4,Melanoma,5,Nevus
ISIC_0000400,data/raw/ISIC_Archive_1/Train/melanoma/ISIC_0000400.jpg,4,Melanoma,2,Benign Keratosis-like Lesion
ISIC_0010217,data/raw/ISIC_Archive_1/Train/melanoma/ISIC_0010217.jpg,4,Melanoma,4,Melanoma
ISIC_0010799,data/raw/ISIC_Archive_1/Train/melanoma/ISIC_0010799.jpg,4,Melanoma,2,Benign Keratosis-like Lesion
ISIC_0010564,data/raw/ISIC_Archive_1/Train/melanoma/ISIC_0010564.jpg,4,Melanoma,2,Benign Keratosis-like Lesion
ISIC_0001127,data/raw/ISIC_Archive_1/Train/melanoma/ISIC_0001127.jpg,4,Melanoma,5,Nevus
ISIC_0000176,data/raw/ISIC_Archive_1/Train/melanoma/ISIC_0000176.jpg,4,Melanoma,5,Nevus
ISIC_0000295,data/raw/ISIC_Archive_1/Train/melanoma/ISIC_0000295.jpg,4,Melanoma,4,Melanoma
ISIC_0010609,data/raw/ISIC_Archive_1/Train/melanoma/ISIC_0010609.jpg,4,Melanoma,5,Nevus
ISIC_0010359,data/raw/ISIC_Archive_1/Train/melanoma/ISIC_0010359.jpg,4,Melanoma,1,Basal Cell Carcinoma
ISIC_0001148,data/raw/ISIC_Archive_1/Train/melanoma/ISIC_0001148.jpg,4,Melanoma,4,Melanoma
ISIC_0010364,data/raw/ISIC_Archive_1/Train/melanoma/ISIC_0010364.jpg,4,Melanoma,5,Nevus
ISIC_0000309,data/raw/ISIC_Archive_1/Train/melanoma/ISIC_0000309.jpg,4,Melanoma,4,Melanoma
ISIC_0000167,data/raw/ISIC_Archive_1/Train/melanoma/ISIC_0000167.jpg,4,Melanoma,4,Melanoma
ISIC_0000279,data/raw/ISIC_Archive_1/Train/melanoma/ISIC_0000279.jpg,4,Melanoma,4,Melanoma
ISIC_0010278,data/raw/ISIC_Archive_1/Train/melanoma/ISIC_0010278.jpg,4,Melanoma,2,Benign Keratosis-like Lesion
ISIC_0000303,data/raw/ISIC_Archive_1/Train/melanoma/ISIC_0000303.jpg,4,Melanoma,4,Melanoma
ISIC_0000047,data/raw/ISIC_Archive_1/Train/nevus/ISIC_0000047.jpg,5,Nevus,5,Nevus
ISIC_0000317,data/raw/ISIC_Archive_1/Train/nevus/ISIC_0000317.jpg,5,Nevus,5,Nevus
ISIC_0000346,data/raw/ISIC_Archive_1/Train/nevus/ISIC_0000346.jpg,5,Nevus,5,Nevus
ISIC_0000381,data/raw/ISIC_Archive_1/Train/nevus/ISIC_0000381.jpg,5,Nevus,5,Nevus
ISIC_0000225,data/raw/ISIC_Archive_1/Train/nevus/ISIC_0000225.jpg,5,Nevus,5,Nevus
ISIC_0000532,data/raw/ISIC_Archive_1/Train/nevus/ISIC_0000532.jpg,5,Nevus,4,Melanoma
ISIC_0000476,data/raw/ISIC_Archive_1/Train/nevus/ISIC_0000476.jpg,5,Nevus,5,Nevus
ISIC_0000490,data/raw/ISIC_Archive_1/Train/nevus/ISIC_0000490.jpg,5,Nevus,5,Nevus
ISIC_0000378,data/raw/ISIC_Archive_1/Train/nevus/ISIC_0000378.jpg,5,Nevus,5,Nevus
ISIC_0000319,data/raw/ISIC_Archive_1/Train/nevus/ISIC_0000319.jpg,5,Nevus,5,Nevus
ISIC_0000370,data/raw/ISIC_Archive_1/Train/nevus/ISIC_0000370.jpg,5,Nevus,5,Nevus
ISIC_0000320,data/raw/ISIC_Archive_1/Train/nevus/ISIC_0000320.jpg,5,Nevus,5,Nevus
ISIC_0000068,data/raw/ISIC_Archive_1/Train/nevus/ISIC_0000068.jpg,5,Nevus,5,Nevus
ISIC_0000371,data/raw/ISIC_Archive_1/Train/nevus/ISIC_0000371.jpg,5,Nevus,4,Melanoma
ISIC_0000053,data/raw/ISIC_Archive_1/Train/nevus/ISIC_0000053.jpg,5,Nevus,4,Melanoma
ISIC_0000321,data/raw/ISIC_Archive_1/Train/nevus/ISIC_0000321.jpg,5,Nevus,5,Nevus
ISIC_0000260,data/raw/ISIC_Archive_1/Train/nevus/ISIC_0000260.jpg,5,Nevus,5,Nevus
ISIC_0000471,data/raw/ISIC_Archive_1/Train/nevus/ISIC_0000471.jpg,5,Nevus,5,Nevus
ISIC_0000389,data/raw/ISIC_Archive_1/Train/nevus/ISIC_0000389.jpg,5,Nevus,2,Benign Keratosis-like Lesion
ISIC_0000497,data/raw/ISIC_Archive_1/Train/nevus/ISIC_0000497.jpg,5,Nevus,5,Nevus
ISIC_0000231,data/raw/ISIC_Archive_1/Train/nevus/ISIC_0000231.jpg,5,Nevus,5,Nevus
ISIC_0000239,data/raw/ISIC_Archive_1/Train/nevus/ISIC_0000239.jpg,5,Nevus,5,Nevus
ISIC_0000425,data/raw/ISIC_Archive_1/Train/nevus/ISIC_0000425.jpg,5,Nevus,5,Nevus
ISIC_0000052,data/raw/ISIC_Archive_1/Train/nevus/ISIC_0000052.jpg,5,Nevus,5,Nevus
ISIC_0000099,data/raw/ISIC_Archive_1/Train/nevus/ISIC_0000099.jpg,5,Nevus,5,Nevus
ISIC_0000058,data/raw/ISIC_Archive_1/Train/nevus/ISIC_0000058.jpg,5,Nevus,5,Nevus
ISIC_0000418,data/raw/ISIC_Archive_1/Train/nevus/ISIC_0000418.jpg,5,Nevus,5,Nevus
ISIC_0000530,data/raw/ISIC_Archive_1/Train/nevus/ISIC_0000530.jpg,5,Nevus,5,Nevus
ISIC_0000423,data/raw/ISIC_Archive_1/Train/nevus/ISIC_0000423.jpg,5,Nevus,5,Nevus
ISIC_0000088,data/raw/ISIC_Archive_1/Train/nevus/ISIC_0000088.jpg,5,Nevus,4,Melanoma
ISIC_0000460,data/raw/ISIC_Archive_1/Train/nevus/ISIC_0000460.jpg,5,Nevus,5,Nevus
ISIC_0000349,data/raw/ISIC_Archive_1/Train/nevus/ISIC_0000349.jpg,5,Nevus,5,Nevus
ISIC_0000338,data/raw/ISIC_Archive_1/Train/nevus/ISIC_0000338.jpg,5,Nevus,5,Nevus
ISIC_0000368,data/raw/ISIC_Archive_1/Train/nevus/ISIC_0000368.jpg,5,Nevus,4,Melanoma
ISIC_0000340,data/raw/ISIC_Archive_1/Train/nevus/ISIC_0000340.jpg,5,Nevus,5,Nevus
ISIC_0000492,data/raw/ISIC_Archive_1/Train/nevus/ISIC_0000492.jpg,5,Nevus,5,Nevus
ISIC_0000475,data/raw/ISIC_Archive_1/Train/nevus/ISIC_0000475.jpg,5,Nevus,5,Nevus
ISIC_0000345,data/raw/ISIC_Archive_1/Train/nevus/ISIC_0000345.jpg,5,Nevus,5,Nevus
ISIC_0000360,data/raw/ISIC_Archive_1/Train/nevus/ISIC_0000360.jpg,5,Nevus,5,Nevus
ISIC_0000325,data/raw/ISIC_Archive_1/Train/nevus/ISIC_0000325.jpg,5,Nevus,4,Melanoma
ISIC_0000464,data/raw/ISIC_Archive_1/Train/nevus/ISIC_0000464.jpg,5,Nevus,4,Melanoma
ISIC_0000489,data/raw/ISIC_Archive_1/Train/nevus/ISIC_0000489.jpg,5,Nevus,5,Nevus
ISIC_0001114,data/raw/ISIC_Archive_1/Test/dermatofibroma/ISIC_0001114.jpg,3,Dermatofibroma,3,Dermatofibroma
ISIC_0001130,data/raw/ISIC_Archive_1/Test/dermatofibroma/ISIC_0001130.jpg,3,Dermatofibroma,5,Nevus
ISIC_0011410,data/raw/ISIC_Archive_1/Test/dermatofibroma/ISIC_0011410.jpg,3,Dermatofibroma,5,Nevus
ISIC_0011433,data/raw/ISIC_Archive_1/Test/dermatofibroma/ISIC_0011433.jpg,3,Dermatofibroma,5,Nevus
ISIC_0011478,data/raw/ISIC_Archive_1/Test/dermatofibroma/ISIC_0011478.jpg,3,Dermatofibroma,5,Nevus
ISIC_0011677,data/raw/ISIC_Archive_1/Test/dermatofibroma/ISIC_0011677.jpg,3,Dermatofibroma,5,Nevus
ISIC_0011865,data/raw/ISIC_Archive_1/Test/dermatofibroma/ISIC_0011865.jpg,3,Dermatofibroma,5,Nevus
ISIC_0000002,data/raw/ISIC_Archive_1/Test/melanoma/ISIC_0000002.jpg,4,Melanoma,5,Nevus
ISIC_0000004,data/raw/ISIC_Archive_1/Test/melanoma/ISIC_0000004.jpg,4,Melanoma,2,Benign Keratosis-like Lesion
ISIC_0000013,data/raw/ISIC_Archive_1/Test/melanoma/ISIC_0000013.jpg,4,Melanoma,4,Melanoma
ISIC_0000022,data/raw/ISIC_Archive_1/Test/melanoma/ISIC_0000022.jpg,4,Melanoma,5,Nevus
ISIC_0000026,data/raw/ISIC_Archive_1/Test/melanoma/ISIC_0000026.jpg,4,Melanoma,5,Nevus
ISIC_0000029,data/raw/ISIC_Archive_1/Test/melanoma/ISIC_0000029.jpg,4,Melanoma,4,Melanoma
ISIC_0000030,data/raw/ISIC_Archive_1/Test/melanoma/ISIC_0000030.jpg,4,Melanoma,4,Melanoma
ISIC_0000031,data/raw/ISIC_Archive_1/Test/melanoma/ISIC_0000031.jpg,4,Melanoma,4,Melanoma
ISIC_0000035,data/raw/ISIC_Archive_1/Test/melanoma/ISIC_0000035.jpg,4,Melanoma,5,Nevus
ISIC_0000036,data/raw/ISIC_Archive_1/Test/melanoma/ISIC_0000036.jpg,4,Melanoma,4,Melanoma
ISIC_0000040,data/raw/ISIC_Archive_1/Test/melanoma/ISIC_0000040.jpg,4,Melanoma,5,Nevus
ISIC_0000043,data/raw/ISIC_Archive_1/Test/melanoma/ISIC_0000043.jpg,4,Melanoma,5,Nevus
ISIC_0000046,data/raw/ISIC_Archive_1/Test/melanoma/ISIC_0000046.jpg,4,Melanoma,2,Benign Keratosis-like Lesion
ISIC_0000049,data/raw/ISIC_Archive_1/Test/melanoma/ISIC_0000049.jpg,4,Melanoma,2,Benign Keratosis-like Lesion
ISIC_0000054,data/raw/ISIC_Archive_1/Test/melanoma/ISIC_0000054.jpg,4,Melanoma,5,Nevus
ISIC_0000056,data/raw/ISIC_Archive_1/Test/melanoma/ISIC_0000056.jpg,4,Melanoma,2,Benign Keratosis-like Lesion
ISIC_0000000,data/raw/ISIC_Archive_1/Test/nevus/ISIC_0000000.jpg,5,Nevus,4,Melanoma
ISIC_0000001,data/raw/ISIC_Archive_1/Test/nevus/ISIC_0000001.jpg,5,Nevus,5,Nevus
ISIC_0000003,data/raw/ISIC_Archive_1/Test/nevus/ISIC_0000003.jpg,5,Nevus,2,Benign Keratosis-like Lesion
ISIC_0000005,data/raw/ISIC_Archive_1/Test/nevus/ISIC_0000005.jpg,5,Nevus,4,Melanoma
ISIC_0000006,data/raw/ISIC_Archive_1/Test/nevus/ISIC_0000006.jpg,5,Nevus,5,Nevus
ISIC_0000007,data/raw/ISIC_Archive_1/Test/nevus/ISIC_0000007.jpg,5,Nevus,5,Nevus
ISIC_0000008,data/raw/ISIC_Archive_1/Test/nevus/ISIC_0000008.jpg,5,Nevus,2,Benign Keratosis-like Lesion
ISIC_0000009,data/raw/ISIC_Archive_1/Test/nevus/ISIC_0000009.jpg,5,Nevus,5,Nevus
ISIC_0000010,data/raw/ISIC_Archive_1/Test/nevus/ISIC_0000010.jpg,5,Nevus,5,Nevus
ISIC_0000011,data/raw/ISIC_Archive_1/Test/nevus/ISIC_0000011.jpg,5,Nevus,5,Nevus
ISIC_0000012,data/raw/ISIC_Archive_1/Test/nevus/ISIC_0000012.jpg,5,Nevus,5,Nevus
ISIC_0000014,data/raw/ISIC_Archive_1/Test/nevus/ISIC_0000014.jpg,5,Nevus,5,Nevus
ISIC_0000015,data/raw/ISIC_Archive_1/Test/nevus/ISIC_0000015.jpg,5,Nevus,5,Nevus
ISIC_0000016,data/raw/ISIC_Archive_1/Test/nevus/ISIC_0000016.jpg,5,Nevus,2,Benign Keratosis-like Lesion
ISIC_0000017,data/raw/ISIC_Archive_1/Test/nevus/ISIC_0000017.jpg,5,Nevus,5,Nevus
ISIC_0000018,data/raw/ISIC_Archive_1/Test/nevus/ISIC_0000018.jpg,5,Nevus,5,Nevus
